id,stock_id,close,open,high,low,volume,timestamp
124929,45,2506.25,2510.77,2513.23,2495.86,2573,2025-06-09 00:00:00
124930,45,2496.43,2506.12,2506.65,2491.99,1650,2025-06-09 01:00:00
124931,45,2493.52,2496.26,2505.83,2491.01,1195,2025-06-09 02:00:00
124932,45,2498.3,2493.81,2499.72,2483.55,3357,2025-06-09 03:00:00
124933,45,2486.84,2498.18,2498.51,2485.49,826,2025-06-09 04:00:00
124934,45,2482.05,2486.84,2493.01,2480.0,1966,2025-06-09 05:00:00
124935,45,2494.71,2482.05,2495.08,2479.09,983,2025-06-09 06:00:00
124936,45,2493.14,2494.71,2494.72,2484.73,889,2025-06-09 07:00:00
124937,45,2496.75,2493.25,2498.31,2485.64,860,2025-06-09 08:00:00
124938,45,2510.41,2496.75,2523.8,2491.99,3275,2025-06-09 09:00:00
124939,45,2536.17,2510.75,2542.71,2510.15,5868,2025-06-09 10:00:00
124940,45,2543.37,2536.17,2548.69,2530.96,4450,2025-06-09 11:00:00
124941,45,2546.56,2543.38,2549.99,2535.98,2622,2025-06-09 12:00:00
124942,45,2518.92,2546.64,2547.7,2511.53,4217,2025-06-09 13:00:00
124943,45,2532.15,2519.05,2541.03,2515.7,4363,2025-06-09 14:00:00
124944,45,2535.55,2532.15,2544.66,2530.95,4457,2025-06-09 15:00:00
124945,45,2559.85,2535.54,2574.27,2535.42,11762,2025-06-09 16:00:00
124946,45,2573.11,2559.99,2578.44,2557.67,7533,2025-06-09 17:00:00
124947,45,2585.84,2573.23,2588.0,2569.9,6160,2025-06-09 18:00:00
124948,45,2582.28,2585.84,2591.75,2574.68,4134,2025-06-09 19:00:00
124949,45,2581.81,2582.45,2586.33,2577.51,1539,2025-06-09 20:00:00
125752,45,2637.64,2590.6,2641.99,2590.6,8725,2025-06-09 21:00:00
125763,45,2656.49,2644.84,2667.52,2642.94,6653,2025-06-09 22:00:00
127725,45,2666.33,2667.39,2669.06,2658.69,2927,2025-06-09 23:00:00
134602,45,2700.18,2681.25,2729.28,2678.93,24735,2025-06-10 00:00:00
134603,45,2709.32,2700.19,2716.02,2697.59,6922,2025-06-10 01:00:00
134604,45,2693.26,2709.29,2710.52,2679.23,11154,2025-06-10 02:00:00
134605,45,2689.7,2693.52,2695.13,2676.04,4618,2025-06-10 03:00:00
134606,45,2690.52,2689.83,2693.73,2686.65,14007,2025-06-10 04:00:00
134607,45,2671.71,2690.34,2701.51,2665.89,7965,2025-06-10 05:00:00
134608,45,2677.15,2671.71,2682.76,2657.11,4389,2025-06-10 06:00:00
134609,45,2678.24,2676.97,2686.67,2667.67,4173,2025-06-10 07:00:00
134610,45,2674.57,2678.37,2685.38,2671.2,2627,2025-06-10 08:00:00
134611,45,2693.48,2674.97,2694.9,2673.8,4121,2025-06-10 09:00:00
134612,45,2696.18,2693.48,2699.23,2682.36,3356,2025-06-10 10:00:00
134613,45,2774.77,2696.23,2798.99,2688.92,22023,2025-06-10 11:00:00
134614,45,2765.58,2774.31,2779.89,2746.93,10669,2025-06-10 12:00:00
134615,45,2744.26,2765.59,2780.33,2717.96,14498,2025-06-10 13:00:00
134616,45,2736.93,2744.26,2754.36,2727.95,9743,2025-06-10 14:00:00
134617,45,2733.56,2736.84,2754.65,2690.92,13357,2025-06-10 15:00:00
134618,45,2731.63,2733.8,2749.99,2729.3,8938,2025-06-10 16:00:00
134619,45,2741.61,2731.62,2753.46,2731.61,6194,2025-06-10 17:00:00
134620,45,2754.97,2741.62,2766.27,2732.25,17210,2025-06-10 18:00:00
134621,45,2775.25,2754.97,2807.99,2754.97,36142,2025-06-10 19:00:00
134622,45,2774.74,2774.49,2776.17,2753.44,11837,2025-06-10 20:00:00
134623,45,2765.88,2774.89,2780.46,2735.86,6300,2025-06-10 21:00:00
134646,45,2803.77,2773.63,2827.18,2773.09,13336,2025-06-10 22:00:00
134647,45,2794.84,2803.8,2806.79,2788.98,1906,2025-06-10 23:00:00
134650,45,2795.9,2816.69,2834.88,2792.69,7385,2025-06-11 00:00:00
134651,45,2794.97,2795.69,2799.81,2794.36,254,2025-06-11 01:00:00
134667,45,2780.91,2785.02,2803.42,2777.28,2298,2025-06-11 02:00:00
134669,45,2791.46,2781.72,2797.99,2780.8,4655,2025-06-11 03:00:00
134670,45,2797.58,2791.45,2804.29,2786.27,3267,2025-06-11 04:00:00
134671,45,2794.08,2797.58,2802.99,2787.4,2477,2025-06-11 05:00:00
134672,45,2792.57,2794.09,2798.47,2780.65,2781,2025-06-11 06:00:00
134673,45,2792.23,2792.61,2802.19,2788.21,2923,2025-06-11 07:00:00
134674,45,2769.56,2792.19,2794.16,2765.46,2893,2025-06-11 08:00:00
134675,45,2759.49,2769.2,2773.78,2754.35,2413,2025-06-11 09:00:00
134676,45,2772.26,2759.68,2773.39,2757.43,1458,2025-06-11 10:00:00
134677,45,2772.47,2772.05,2776.02,2761.37,1831,2025-06-11 11:00:00
134678,45,2805.34,2772.47,2822.28,2764.18,13102,2025-06-11 12:00:00
134679,45,2796.89,2805.35,2819.52,2785.49,12995,2025-06-11 13:00:00
134680,45,2841.18,2796.86,2857.57,2791.78,18585,2025-06-11 14:00:00
134681,45,2865.75,2841.18,2880.0,2829.56,14107,2025-06-11 15:00:00
134682,45,2868.6,2865.5,2876.67,2845.9,6626,2025-06-11 16:00:00
134683,45,2830.67,2868.61,2873.6,2826.81,10043,2025-06-11 17:00:00
134684,45,2822.66,2830.36,2834.69,2801.79,18215,2025-06-11 18:00:00
134685,45,2804.58,2822.89,2827.71,2803.72,10582,2025-06-11 19:00:00
136608,45,2816.3,2814.22,2827.64,2788.75,5616,2025-06-11 20:00:00
136609,45,2785.09,2816.69,2832.59,2776.0,8311,2025-06-11 21:00:00
140527,45,2759.4,2782.92,2787.6,2743.0,14021,2025-06-11 22:00:00
140528,45,2772.39,2759.61,2780.0,2755.2,4811,2025-06-11 23:00:00
140529,45,2776.31,2772.39,2785.93,2760.04,4849,2025-06-12 00:00:00
140530,45,2776.71,2775.79,2779.17,2752.69,3700,2025-06-12 01:00:00
140531,45,2758.49,2776.69,2784.94,2757.59,3916,2025-06-12 02:00:00
140532,45,2765.59,2758.49,2777.27,2746.88,4114,2025-06-12 03:00:00
140533,45,2762.98,2765.58,2769.95,2749.6,2822,2025-06-12 04:00:00
140534,45,2765.2,2762.97,2770.95,2751.89,1507,2025-06-12 05:00:00
140535,45,2768.71,2765.25,2776.82,2755.44,1993,2025-06-12 06:00:00
140536,45,2741.13,2768.87,2774.09,2733.86,4148,2025-06-12 07:00:00
140537,45,2757.99,2740.93,2761.27,2732.94,2612,2025-06-12 08:00:00
140538,45,2753.46,2758.02,2762.62,2749.33,1716,2025-06-12 09:00:00
140539,45,2750.87,2753.3,2754.44,2733.8,2858,2025-06-12 10:00:00
140540,45,2730.38,2750.86,2754.22,2721.37,3668,2025-06-12 11:00:00
140541,45,2737.48,2730.36,2746.59,2712.24,4976,2025-06-12 12:00:00
140542,45,2750.23,2737.22,2755.14,2732.67,7038,2025-06-12 13:00:00
140543,45,2765.65,2750.23,2771.18,2747.64,6404,2025-06-12 14:00:00
140544,45,2720.45,2765.69,2774.09,2714.0,9233,2025-06-12 15:00:00
140545,45,2744.02,2720.39,2746.82,2715.61,12151,2025-06-12 16:00:00
140546,45,2763.1,2744.12,2771.95,2741.31,9672,2025-06-12 17:00:00
140547,45,2736.13,2763.1,2765.1,2719.09,7322,2025-06-12 18:00:00
140548,45,2695.44,2735.98,2745.09,2692.38,11654,2025-06-12 19:00:00
140549,45,2641.05,2695.09,2704.05,2615.0,21482,2025-06-12 20:00:00
140550,45,2634.83,2641.03,2662.49,2632.51,10989,2025-06-12 21:00:00
140551,45,2641.62,2634.72,2650.59,2634.25,5087,2025-06-12 22:00:00
140552,45,2643.8,2641.2,2660.43,2640.0,8151,2025-06-12 23:00:00
140553,45,2528.17,2643.81,2646.79,2517.58,34362,2025-06-13 00:00:00
140635,45,2479.75,2532.06,2532.06,2457.32,28328,2025-06-13 01:00:00
140636,45,2478.0,2500.41,2501.47,2439.17,28036,2025-06-13 02:00:00
140637,45,2516.44,2477.99,2526.77,2476.16,16225,2025-06-13 03:00:00
140638,45,2510.43,2516.44,2521.5,2497.01,7456,2025-06-13 04:00:00
140639,45,2508.62,2510.18,2522.04,2505.18,4553,2025-06-13 05:00:00
140640,45,2534.62,2508.64,2535.27,2493.88,8490,2025-06-13 06:00:00
140641,45,2527.99,2534.55,2543.5,2517.69,9675,2025-06-13 07:00:00
140642,45,2519.26,2527.95,2542.41,2511.81,6164,2025-06-13 08:00:00
140643,45,2522.72,2519.14,2529.1,2507.6,5652,2025-06-13 09:00:00
140644,45,2533.92,2522.57,2535.65,2510.59,4710,2025-06-13 10:00:00
140645,45,2546.63,2534.22,2547.05,2523.59,6800,2025-06-13 11:00:00
140646,45,2543.55,2546.59,2564.82,2538.03,10277,2025-06-13 12:00:00
140647,45,2544.65,2543.57,2563.34,2536.03,7880,2025-06-13 13:00:00
140648,45,2539.85,2544.77,2558.1,2504.67,16444,2025-06-13 14:00:00
140649,45,2553.2,2539.67,2562.2,2531.87,12329,2025-06-13 15:00:00
140650,45,2563.54,2553.06,2587.08,2545.88,9218,2025-06-13 16:00:00
140651,45,2544.46,2563.5,2563.5,2523.86,10488,2025-06-13 17:00:00
140652,45,2530.83,2544.65,2547.44,2511.0,10469,2025-06-13 18:00:00
140653,45,2529.26,2530.96,2543.34,2522.45,6539,2025-06-13 19:00:00
140654,45,2538.82,2528.6,2542.44,2525.2,2505,2025-06-13 20:00:00
140724,45,2546.35,2548.11,2549.68,2543.91,349,2025-06-13 21:00:00
140787,45,2574.45,2555.71,2576.95,2555.71,4804,2025-06-13 22:00:00
140788,45,2580.21,2573.24,2584.92,2568.46,5833,2025-06-13 23:00:00
140789,45,2563.83,2580.25,2580.86,2559.98,3256,2025-06-14 00:00:00
140790,45,2559.36,2563.73,2569.31,2551.58,3952,2025-06-14 01:00:00
140791,45,2556.51,2559.34,2569.98,2553.93,4439,2025-06-14 02:00:00
140792,45,2550.08,2556.51,2561.6,2548.41,2249,2025-06-14 03:00:00
140793,45,2553.04,2550.0,2557.79,2549.64,1419,2025-06-14 04:00:00
140794,45,2553.32,2553.04,2557.98,2548.71,1524,2025-06-14 05:00:00
140795,45,2544.44,2553.14,2557.88,2543.34,2058,2025-06-14 06:00:00
140796,45,2538.66,2544.73,2545.36,2528.1,4014,2025-06-14 07:00:00
140797,45,2537.09,2538.62,2539.33,2528.15,2180,2025-06-14 08:00:00
140798,45,2524.45,2537.07,2537.07,2523.2,1167,2025-06-14 09:00:00
140799,45,2532.38,2524.33,2536.69,2518.88,3488,2025-06-14 10:00:00
140800,45,2539.7,2532.38,2541.16,2531.84,882,2025-06-14 11:00:00
140801,45,2537.83,2539.7,2540.9,2529.94,1299,2025-06-14 12:00:00
140802,45,2535.92,2537.69,2547.77,2527.37,1503,2025-06-14 13:00:00
140803,45,2530.68,2536.11,2538.5,2525.19,1234,2025-06-14 14:00:00
140804,45,2520.71,2530.49,2534.67,2506.17,10517,2025-06-14 15:00:00
140805,45,2498.71,2520.44,2526.99,2492.48,5340,2025-06-14 16:00:00
140806,45,2512.64,2498.73,2519.78,2490.01,2032,2025-06-14 17:00:00
140807,45,2509.27,2512.72,2524.3,2490.0,2771,2025-06-14 18:00:00
140808,45,2509.03,2509.63,2522.96,2505.66,3046,2025-06-14 19:00:00
140809,45,2510.44,2509.04,2514.93,2498.06,4019,2025-06-14 20:00:00
140810,45,2528.66,2510.45,2535.9,2507.44,2032,2025-06-14 21:00:00
140811,45,2526.94,2529.02,2534.51,2519.02,1780,2025-06-14 22:00:00
140812,45,2531.97,2527.3,2540.99,2527.01,1414,2025-06-14 23:00:00
140813,45,2538.79,2531.98,2542.13,2529.81,2420,2025-06-15 00:00:00
140814,45,2530.37,2538.79,2540.65,2526.15,1594,2025-06-15 01:00:00
140815,45,2530.67,2530.48,2539.34,2529.18,857,2025-06-15 02:00:00
140816,45,2531.41,2530.53,2537.18,2528.9,941,2025-06-15 03:00:00
140817,45,2544.76,2531.38,2547.25,2530.75,1986,2025-06-15 04:00:00
140818,45,2551.98,2544.75,2553.53,2536.19,1902,2025-06-15 05:00:00
140819,45,2536.92,2552.24,2553.81,2534.63,1414,2025-06-15 06:00:00
140820,45,2529.52,2536.91,2537.63,2524.0,1050,2025-06-15 07:00:00
140821,45,2521.5,2529.66,2531.21,2519.6,1238,2025-06-15 08:00:00
140822,45,2510.93,2521.49,2521.49,2509.3,1544,2025-06-15 09:00:00
140823,45,2521.02,2511.42,2524.86,2510.98,714,2025-06-15 10:00:00
140824,45,2517.07,2521.31,2524.57,2512.53,1008,2025-06-15 11:00:00
140825,45,2526.82,2516.94,2528.27,2516.59,977,2025-06-15 12:00:00
140826,45,2543.73,2526.74,2545.77,2523.59,2547,2025-06-15 13:00:00
140827,45,2549.48,2543.74,2555.57,2536.5,2447,2025-06-15 14:00:00
140828,45,2542.52,2549.58,2554.59,2539.36,2382,2025-06-15 15:00:00
140829,45,2552.24,2542.6,2556.82,2536.69,1889,2025-06-15 16:00:00
140830,45,2554.37,2552.08,2559.94,2545.2,2730,2025-06-15 17:00:00
140831,45,2549.24,2554.37,2555.47,2541.66,1481,2025-06-15 18:00:00
140832,45,2537.44,2549.25,2554.06,2531.45,1301,2025-06-15 19:00:00
140833,45,2503.99,2537.44,2537.88,2492.42,5490,2025-06-15 20:00:00
140834,45,2517.82,2503.92,2520.07,2498.33,2150,2025-06-15 21:00:00
140835,45,2545.3,2517.72,2550.0,2514.15,6622,2025-06-15 22:00:00
140836,45,2548.03,2545.31,2550.12,2540.0,1952,2025-06-15 23:00:00
140837,45,2545.21,2547.95,2553.01,2538.53,2026,2025-06-16 00:00:00
140838,45,2554.48,2545.21,2559.76,2515.23,6696,2025-06-16 01:00:00
140839,45,2575.0,2554.65,2579.5,2554.65,5102,2025-06-16 02:00:00
140840,45,2568.91,2574.89,2576.03,2565.16,2526,2025-06-16 03:00:00
140841,45,2576.57,2568.95,2579.06,2567.18,2763,2025-06-16 04:00:00
140842,45,2607.9,2576.34,2621.15,2573.92,5851,2025-06-16 05:00:00
140843,45,2608.06,2607.78,2620.63,2603.83,2592,2025-06-16 06:00:00
140844,45,2629.22,2608.2,2640.0,2608.2,14144,2025-06-16 07:00:00
140845,45,2630.74,2629.28,2631.65,2622.0,2170,2025-06-16 08:00:00
140846,45,2621.89,2630.69,2631.31,2618.95,2471,2025-06-16 09:00:00
140847,45,2617.12,2621.89,2634.52,2610.9,3792,2025-06-16 10:00:00
140848,45,2617.78,2617.55,2620.59,2592.57,4072,2025-06-16 11:00:00
140849,45,2615.7,2617.2,2619.79,2605.0,3581,2025-06-16 12:00:00
140850,45,2641.03,2615.63,2647.09,2608.56,15151,2025-06-16 13:00:00
140851,45,2640.99,2640.84,2658.71,2628.0,15532,2025-06-16 14:00:00
140852,45,2647.35,2641.0,2647.35,2635.5,4952,2025-06-16 15:00:00
141190,45,2634.41,2633.47,2635.53,2633.47,89,2025-06-16 16:00:00
144302,45,2634.91,2637.05,2643.69,2629.99,4703,2025-06-16 17:00:00
144303,45,2642.39,2634.74,2646.72,2632.76,2954,2025-06-16 18:00:00
144304,45,2656.89,2654.91,2657.28,2649.75,1148,2025-06-16 19:00:00
144308,45,2670.82,2661.64,2681.97,2645.11,8692,2025-06-16 20:00:00
144309,45,2650.19,2670.81,2672.9,2645.99,5637,2025-06-16 21:00:00
144310,45,2571.6,2650.07,2658.88,2545.22,24994,2025-06-16 22:00:00
144311,45,2545.27,2571.42,2597.85,2536.3,17609,2025-06-16 23:00:00
144312,45,2588.24,2545.41,2589.61,2524.22,17382,2025-06-17 00:00:00
144313,45,2581.04,2588.56,2593.14,2574.32,4274,2025-06-17 01:00:00
144327,45,2577.74,2581.71,2582.15,2574.8,732,2025-06-17 02:00:00
144339,45,2617.6,2609.44,2618.15,2601.57,2674,2025-06-17 03:00:00
146340,45,2610.66,2608.23,2611.19,2606.34,123,2025-06-17 04:00:00
146361,45,2580.52,2592.33,2598.77,2576.77,3553,2025-06-17 05:00:00
146357,45,2582.85,2580.39,2588.95,2575.27,2365,2025-06-17 06:00:00
146362,45,2583.05,2582.87,2587.03,2570.73,2471,2025-06-17 07:00:00
146363,45,2572.02,2582.67,2586.27,2566.14,2293,2025-06-17 08:00:00
146364,45,2566.89,2571.93,2577.2,2561.9,3064,2025-06-17 09:00:00
146358,45,2557.56,2567.04,2569.68,2545.05,2681,2025-06-17 10:00:00
146365,45,2552.75,2557.16,2557.65,2542.18,2187,2025-06-17 11:00:00
146359,45,2548.42,2552.68,2560.09,2545.91,2984,2025-06-17 12:00:00
146366,45,2553.15,2548.1,2564.54,2546.95,6662,2025-06-17 13:00:00
146360,45,2554.59,2553.49,2569.38,2547.79,4228,2025-06-17 14:00:00
146367,45,2499.2,2534.21,2541.38,2482.14,23058,2025-06-17 15:00:00
146368,45,2498.82,2499.49,2501.0,2497.51,680,2025-06-17 16:00:00
146369,45,2476.04,2461.86,2478.06,2454.0,7645,2025-06-17 17:00:00
148470,45,2468.69,2467.55,2468.94,2465.0,209,2025-06-17 18:00:00
148478,45,2498.5,2497.87,2501.76,2497.56,202,2025-06-17 19:00:00
151908,45,2532.05,2529.14,2532.79,2527.76,643,2025-06-17 20:00:00
151929,45,2511.18,2511.25,2517.23,2510.0,541,2025-06-17 21:00:00
151930,45,2495.04,2520.57,2521.8,2492.37,3494,2025-06-17 22:00:00
151931,45,2518.38,2495.02,2519.97,2493.71,2318,2025-06-17 23:00:00
151940,45,2526.49,2510.64,2530.24,2506.43,3933,2025-06-18 00:00:00
151980,45,2519.93,2526.42,2536.92,2518.75,4068,2025-06-18 01:00:00
151941,45,2515.44,2520.03,2530.25,2514.66,1956,2025-06-18 02:00:00
151981,45,2528.37,2515.43,2532.5,2512.01,2948,2025-06-18 03:00:00
151982,45,2537.67,2528.52,2547.01,2525.9,2500,2025-06-18 04:00:00
151942,45,2537.29,2537.68,2544.2,2534.34,1376,2025-06-18 05:00:00
151943,45,2525.19,2537.72,2541.32,2520.01,2670,2025-06-18 06:00:00
151944,45,2533.93,2524.36,2534.18,2518.29,1282,2025-06-18 07:00:00
151945,45,2533.89,2533.93,2548.52,2527.24,2095,2025-06-18 08:00:00
151983,45,2527.07,2533.85,2541.14,2521.05,1401,2025-06-18 09:00:00
151946,45,2495.27,2527.21,2530.1,2489.38,3109,2025-06-18 10:00:00
151947,45,2514.34,2495.33,2517.58,2490.96,2124,2025-06-18 11:00:00
151948,45,2494.21,2514.35,2516.54,2491.58,2903,2025-06-18 12:00:00
151984,45,2503.12,2494.21,2506.39,2466.38,7676,2025-06-18 13:00:00
151985,45,2506.12,2502.28,2539.52,2494.62,11652,2025-06-18 14:00:00
151949,45,2509.88,2506.12,2521.34,2491.28,5304,2025-06-18 15:00:00
151950,45,2500.71,2509.81,2515.5,2495.63,3038,2025-06-18 16:00:00
151986,45,2497.26,2500.5,2504.49,2467.44,4304,2025-06-18 17:00:00
151951,45,2475.83,2497.11,2519.67,2473.51,6697,2025-06-18 18:00:00
151987,45,2492.94,2475.95,2510.95,2471.41,5681,2025-06-18 19:00:00
151952,45,2529.37,2492.93,2538.9,2483.41,6074,2025-06-18 20:00:00
151953,45,2529.62,2529.36,2538.21,2511.12,3893,2025-06-18 21:00:00
151954,45,2526.16,2529.09,2534.91,2520.61,2573,2025-06-18 22:00:00
151988,45,2525.54,2525.85,2533.95,2515.19,3031,2025-06-18 23:00:00
151989,45,2530.29,2525.49,2548.35,2514.01,3620,2025-06-19 00:00:00
151955,45,2515.6,2530.3,2531.63,2507.0,2801,2025-06-19 01:00:00
151956,45,2515.06,2515.59,2527.31,2508.34,1500,2025-06-19 02:00:00
151957,45,2526.0,2515.08,2526.98,2514.85,1061,2025-06-19 03:00:00
151990,45,2525.14,2526.0,2526.19,2515.0,1102,2025-06-19 04:00:00
151958,45,2522.62,2524.9,2531.75,2520.4,1799,2025-06-19 05:00:00
151991,45,2519.57,2522.48,2528.05,2517.0,879,2025-06-19 06:00:00
151992,45,2519.17,2519.7,2526.31,2518.07,488,2025-06-19 07:00:00
151959,45,2523.96,2519.41,2530.57,2519.14,683,2025-06-19 08:00:00
151993,45,2538.74,2523.86,2543.47,2522.47,1303,2025-06-19 09:00:00
151960,45,2538.81,2538.74,2544.92,2534.22,1313,2025-06-19 10:00:00
151961,45,2532.61,2539.14,2539.15,2527.95,6876,2025-06-19 11:00:00
151962,45,2525.83,2532.47,2537.63,2520.06,1552,2025-06-19 12:00:00
151963,45,2510.18,2525.98,2526.56,2507.71,2828,2025-06-19 13:00:00
151964,45,2497.56,2510.27,2522.74,2495.47,3318,2025-06-19 14:00:00
151965,45,2493.72,2497.56,2505.96,2490.65,2496,2025-06-19 15:00:00
151994,45,2488.42,2493.53,2504.74,2485.37,2287,2025-06-19 16:00:00
151995,45,2508.88,2488.43,2523.0,2486.71,3787,2025-06-19 17:00:00
151996,45,2505.19,2508.88,2518.27,2499.65,1693,2025-06-19 18:00:00
151997,45,2505.29,2505.19,2511.31,2498.35,1024,2025-06-19 19:00:00
151998,45,2507.53,2505.39,2517.12,2502.92,1219,2025-06-19 20:00:00
151966,45,2510.55,2507.53,2515.52,2504.59,2123,2025-06-19 21:00:00
151967,45,2524.2,2510.55,2532.86,2510.19,3594,2025-06-19 22:00:00
151968,45,2521.52,2524.2,2530.62,2519.56,2129,2025-06-19 23:00:00
151969,45,2526.21,2521.79,2532.62,2520.63,1964,2025-06-20 00:00:00
151970,45,2527.82,2526.1,2531.0,2516.93,1675,2025-06-20 01:00:00
151999,45,2518.21,2527.72,2528.94,2514.19,2209,2025-06-20 02:00:00
151971,45,2517.66,2518.21,2523.48,2511.12,2893,2025-06-20 03:00:00
151972,45,2504.53,2517.73,2520.92,2504.01,2211,2025-06-20 04:00:00
152000,45,2516.1,2504.53,2516.83,2503.94,1309,2025-06-20 05:00:00
151973,45,2521.77,2516.43,2524.72,2516.24,974,2025-06-20 06:00:00
152001,45,2549.99,2521.55,2552.38,2519.6,7999,2025-06-20 07:00:00
151974,45,2554.06,2550.18,2569.2,2544.08,4231,2025-06-20 08:00:00
152002,45,2553.98,2553.9,2556.26,2546.07,1354,2025-06-20 09:00:00
151975,45,2553.3,2553.98,2558.0,2548.06,1198,2025-06-20 10:00:00
152003,45,2550.29,2553.22,2556.38,2541.63,2358,2025-06-20 11:00:00
151976,45,2552.45,2550.05,2558.75,2547.33,2375,2025-06-20 12:00:00
151977,45,2536.67,2552.45,2560.0,2528.63,5276,2025-06-20 13:00:00
151978,45,2490.1,2536.58,2541.62,2489.52,6921,2025-06-20 14:00:00
151979,45,2490.75,2490.1,2509.53,2488.0,8746,2025-06-20 15:00:00
153010,45,2495.44,2494.41,2496.26,2493.87,80,2025-06-20 16:00:00
153237,45,2402.65,2482.94,2487.93,2395.76,14071,2025-06-20 17:00:00
158381,45,2415.85,2419.82,2420.59,2414.28,1008,2025-06-20 18:00:00
158382,45,2420.5,2420.4,2420.73,2418.6,140,2025-06-20 19:00:00
158452,45,2429.75,2414.83,2438.58,2414.25,6291,2025-06-20 20:00:00
158526,45,2417.48,2427.71,2427.88,2411.0,2160,2025-06-20 21:00:00
158527,45,2388.01,2417.3,2418.89,2382.53,6910,2025-06-20 22:00:00
158528,45,2405.42,2391.51,2406.21,2384.0,2685,2025-06-20 23:00:00
158532,45,2401.94,2407.2,2407.32,2399.16,393,2025-06-21 00:00:00
158545,45,2427.28,2411.85,2427.28,2410.76,1553,2025-06-21 01:00:00
158586,45,2423.59,2431.73,2433.81,2418.51,1619,2025-06-21 02:00:00
158578,45,2426.13,2423.34,2431.72,2423.34,1393,2025-06-21 03:00:00
158579,45,2423.59,2426.15,2427.61,2419.39,1683,2025-06-21 04:00:00
158587,45,2424.64,2423.62,2427.87,2419.37,939,2025-06-21 05:00:00
158588,45,2425.44,2424.64,2429.09,2421.59,495,2025-06-21 06:00:00
158589,45,2427.55,2425.85,2428.72,2420.38,654,2025-06-21 07:00:00
158580,45,2442.15,2427.34,2444.54,2424.04,1794,2025-06-21 08:00:00
158590,45,2445.36,2442.09,2449.05,2432.83,1658,2025-06-21 09:00:00
158581,45,2439.4,2445.47,2447.81,2431.68,2498,2025-06-21 10:00:00
158582,45,2443.16,2439.45,2447.44,2436.66,966,2025-06-21 11:00:00
158591,45,2436.26,2443.17,2445.73,2434.64,1166,2025-06-21 12:00:00
158592,45,2420.91,2436.48,2443.45,2413.53,2386,2025-06-21 13:00:00
158593,45,2419.95,2420.76,2435.17,2414.74,2356,2025-06-21 14:00:00
158583,45,2424.09,2420.04,2428.26,2412.69,1058,2025-06-21 15:00:00
158584,45,2416.81,2424.02,2428.6,2414.29,1643,2025-06-21 16:00:00
158594,45,2399.69,2417.2,2424.54,2396.78,2498,2025-06-21 17:00:00
158585,45,2401.86,2399.8,2409.59,2399.05,2565,2025-06-21 18:00:00
158595,45,2386.01,2387.67,2400.63,2384.4,7873,2025-06-21 19:00:00
158598,45,2404.04,2385.15,2409.27,2378.49,3857,2025-06-21 20:00:00
158596,45,2283.02,2404.04,2406.23,2237.64,24029,2025-06-21 21:00:00
158597,45,2296.03,2282.63,2308.7,2280.71,3238,2025-06-21 22:00:00
158622,45,2269.26,2287.73,2292.43,2260.35,6570,2025-06-21 23:00:00
158882,45,2295.57,2297.26,2315.15,2256.77,16151,2025-06-22 00:00:00
158901,45,2267.41,2295.5,2302.02,2265.77,7790,2025-06-22 01:00:00
158902,45,2266.25,2267.25,2285.62,2247.04,9765,2025-06-22 02:00:00
158903,45,2265.49,2266.44,2276.79,2251.53,3913,2025-06-22 03:00:00
158883,45,2282.77,2265.37,2289.55,2262.58,2286,2025-06-22 04:00:00
158904,45,2289.6,2282.76,2295.0,2280.0,2589,2025-06-22 05:00:00
158905,45,2287.96,2289.6,2298.91,2284.8,1719,2025-06-22 06:00:00
158906,45,2271.2,2287.87,2289.99,2268.43,2476,2025-06-22 07:00:00
158907,45,2275.4,2271.48,2278.88,2264.09,1323,2025-06-22 08:00:00
158884,45,2242.88,2275.25,2280.85,2237.82,6430,2025-06-22 09:00:00
158885,45,2260.17,2242.78,2265.92,2239.73,3608,2025-06-22 10:00:00
158908,45,2274.17,2260.09,2281.8,2259.14,21280,2025-06-22 11:00:00
158909,45,2280.51,2274.19,2288.7,2266.36,3865,2025-06-22 12:00:00
158886,45,2200.65,2280.64,2285.82,2163.74,30608,2025-06-22 13:00:00
158910,45,2201.68,2200.61,2212.72,2156.45,19117,2025-06-22 14:00:00
158911,45,2175.44,2201.57,2208.19,2169.23,11476,2025-06-22 15:00:00
158912,45,2197.52,2175.26,2198.99,2173.67,7914,2025-06-22 16:00:00
158913,45,2193.2,2197.34,2220.19,2186.85,7807,2025-06-22 17:00:00
158914,45,2183.57,2193.2,2199.69,2180.0,4866,2025-06-22 18:00:00
158887,45,2184.72,2183.46,2191.35,2171.03,5086,2025-06-22 19:00:00
158915,45,2188.55,2184.72,2198.04,2113.0,22787,2025-06-22 20:00:00
158888,45,2179.66,2188.55,2197.11,2174.19,5109,2025-06-22 21:00:00
158889,45,2234.84,2179.62,2237.2,2177.1,20137,2025-06-22 22:00:00
158890,45,2228.46,2234.96,2238.19,2220.39,6835,2025-06-22 23:00:00
158891,45,2242.0,2228.46,2261.11,2222.78,9577,2025-06-23 00:00:00
158892,45,2246.93,2242.24,2249.13,2225.94,4394,2025-06-23 01:00:00
158893,45,2239.88,2247.09,2248.85,2234.45,4341,2025-06-23 02:00:00
158894,45,2235.54,2239.87,2245.0,2231.81,2708,2025-06-23 03:00:00
158895,45,2234.65,2235.73,2244.99,2228.68,2372,2025-06-23 04:00:00
158896,45,2247.47,2234.65,2251.64,2234.65,2885,2025-06-23 05:00:00
158916,45,2251.87,2247.47,2255.97,2234.48,5360,2025-06-23 06:00:00
158917,45,2259.86,2252.03,2276.97,2251.56,4715,2025-06-23 07:00:00
158918,45,2262.95,2259.72,2275.71,2257.39,4549,2025-06-23 08:00:00
158897,45,2253.04,2262.79,2263.0,2244.66,4291,2025-06-23 09:00:00
158919,45,2248.1,2253.05,2254.14,2239.7,2807,2025-06-23 10:00:00
158898,45,2254.36,2248.1,2259.17,2242.48,3730,2025-06-23 11:00:00
158899,45,2267.36,2254.21,2267.84,2246.33,3251,2025-06-23 12:00:00
158920,45,2295.98,2267.34,2301.45,2233.69,13734,2025-06-23 13:00:00
158921,45,2275.29,2296.24,2314.59,2273.09,17324,2025-06-23 14:00:00
158922,45,2249.57,2275.29,2289.55,2248.75,8028,2025-06-23 15:00:00
158923,45,2222.99,2249.59,2253.14,2189.11,18866,2025-06-23 16:00:00
158900,45,2282.22,2223.08,2284.85,2218.22,12003,2025-06-23 17:00:00
158937,45,2296.8,2276.68,2305.26,2274.46,3228,2025-06-23 18:00:00
158938,45,2302.85,2307.17,2313.69,2297.04,2808,2025-06-23 19:00:00
160905,45,2314.55,2314.5,2315.2,2312.93,198,2025-06-23 20:00:00
160953,45,2352.82,2348.62,2365.29,2346.56,4138,2025-06-23 21:00:00
160969,45,2409.79,2342.5,2440.0,2342.24,25981,2025-06-23 22:00:00
160970,45,2413.0,2409.23,2432.35,2407.9,15961,2025-06-23 23:00:00
160968,45,2409.12,2412.81,2419.81,2399.37,10237,2025-06-24 00:00:00
160974,45,2415.83,2404.4,2419.17,2397.96,5036,2025-06-24 01:00:00
160984,45,2393.66,2415.8,2415.8,2391.44,5445,2025-06-24 02:00:00
160985,45,2400.61,2393.65,2412.3,2393.11,3022,2025-06-24 03:00:00
160975,45,2405.41,2400.35,2408.45,2394.36,2269,2025-06-24 04:00:00
160986,45,2421.71,2405.68,2426.51,2403.01,3083,2025-06-24 05:00:00
160976,45,2427.66,2421.85,2436.38,2412.87,4565,2025-06-24 06:00:00
160977,45,2394.76,2427.48,2430.99,2392.74,5767,2025-06-24 07:00:00
160978,45,2405.24,2394.85,2414.13,2377.79,6394,2025-06-24 08:00:00
160979,45,2417.3,2405.0,2450.92,2400.62,6937,2025-06-24 09:00:00
160987,45,2415.73,2417.26,2425.17,2407.9,5727,2025-06-24 10:00:00
160980,45,2411.19,2415.55,2423.06,2399.16,6428,2025-06-24 11:00:00
160981,45,2415.43,2410.92,2420.0,2404.55,3989,2025-06-24 12:00:00
160988,45,2423.05,2415.53,2434.1,2406.01,9717,2025-06-24 13:00:00
160982,45,2432.45,2422.91,2442.74,2421.45,8423,2025-06-24 14:00:00
160983,45,2441.04,2432.44,2449.99,2432.42,1784,2025-06-24 15:00:00
161013,45,2480.59,2439.51,2483.38,2435.33,11090,2025-06-24 16:00:00
161014,45,2458.91,2480.44,2482.91,2444.17,11146,2025-06-24 17:00:00
161015,45,2436.85,2459.16,2464.66,2436.18,9213,2025-06-24 18:00:00
161010,45,2435.97,2436.86,2443.41,2418.07,9046,2025-06-24 19:00:00
161016,45,2450.35,2435.88,2451.78,2431.63,5195,2025-06-24 20:00:00
161017,45,2446.38,2450.36,2451.49,2437.0,3846,2025-06-24 21:00:00
161018,45,2442.68,2446.2,2446.24,2435.03,2365,2025-06-24 22:00:00
161011,45,2449.87,2442.53,2450.11,2431.8,3312,2025-06-24 23:00:00
161019,45,2459.8,2449.74,2463.2,2437.92,2996,2025-06-25 00:00:00
161020,45,2462.27,2459.7,2466.73,2446.66,3525,2025-06-25 01:00:00
161012,45,2457.03,2462.39,2470.19,2454.13,2023,2025-06-25 02:00:00
161092,45,2445.76,2453.12,2462.18,2445.31,2261,2025-06-25 03:00:00
161109,45,2436.87,2445.75,2448.97,2430.0,3299,2025-06-25 04:00:00
161110,45,2430.71,2436.74,2441.9,2425.58,2830,2025-06-25 05:00:00
161111,45,2446.07,2430.7,2446.73,2427.77,2619,2025-06-25 06:00:00
161093,45,2446.02,2446.06,2452.46,2441.57,1432,2025-06-25 07:00:00
161094,45,2440.9,2446.06,2447.49,2425.84,2430,2025-06-25 08:00:00
161112,45,2421.91,2440.99,2449.48,2409.0,7158,2025-06-25 09:00:00
161113,45,2427.87,2421.86,2432.98,2415.81,3219,2025-06-25 10:00:00
161114,45,2430.48,2427.87,2431.76,2414.2,3712,2025-06-25 11:00:00
161095,45,2430.21,2430.4,2430.97,2416.19,5563,2025-06-25 12:00:00
161115,45,2436.37,2430.4,2447.69,2425.01,6922,2025-06-25 13:00:00
161096,45,2433.73,2436.6,2445.0,2391.15,14572,2025-06-25 14:00:00
161116,45,2407.13,2433.47,2434.11,2398.49,11469,2025-06-25 15:00:00
161097,45,2412.04,2407.12,2422.8,2402.49,10154,2025-06-25 16:00:00
161117,45,2424.01,2412.04,2433.18,2408.58,9494,2025-06-25 17:00:00
161098,45,2419.7,2424.01,2425.67,2412.9,4896,2025-06-25 18:00:00
161118,45,2434.28,2419.88,2440.79,2419.48,6076,2025-06-25 19:00:00
161099,45,2440.26,2433.88,2443.87,2427.24,4356,2025-06-25 20:00:00
161119,45,2432.2,2439.83,2455.78,2428.44,5364,2025-06-25 21:00:00
161120,45,2417.49,2431.97,2432.59,2410.43,4119,2025-06-25 22:00:00
161121,45,2420.09,2417.48,2421.16,2409.43,2335,2025-06-25 23:00:00
161100,45,2428.1,2420.09,2430.43,2418.5,1984,2025-06-26 00:00:00
161122,45,2460.71,2428.2,2476.44,2420.74,6712,2025-06-26 01:00:00
161101,45,2494.33,2460.71,2503.42,2460.32,10346,2025-06-26 02:00:00
161123,45,2490.47,2494.5,2521.67,2484.17,8136,2025-06-26 03:00:00
161102,45,2481.64,2490.62,2492.8,2471.6,3060,2025-06-26 04:00:00
161124,45,2477.07,2481.64,2485.25,2468.38,2452,2025-06-26 05:00:00
161103,45,2488.51,2477.07,2490.86,2474.75,2745,2025-06-26 06:00:00
161104,45,2491.35,2488.43,2502.0,2481.57,3822,2025-06-26 07:00:00
161125,45,2488.1,2491.22,2501.97,2485.79,2932,2025-06-26 08:00:00
161126,45,2464.76,2488.2,2490.28,2463.78,5140,2025-06-26 09:00:00
161127,45,2452.13,2464.58,2468.53,2447.35,4050,2025-06-26 10:00:00
161105,45,2451.48,2452.13,2455.28,2440.62,3643,2025-06-26 11:00:00
161106,45,2441.24,2451.49,2455.78,2435.14,5467,2025-06-26 12:00:00
161107,45,2434.33,2441.24,2447.2,2425.4,6745,2025-06-26 13:00:00
161108,45,2447.74,2434.33,2460.87,2423.13,7156,2025-06-26 14:00:00
161128,45,2434.51,2447.77,2450.56,2409.19,9909,2025-06-26 15:00:00
161129,45,2425.48,2434.51,2438.4,2424.23,1979,2025-06-26 16:00:00
161142,45,2421.87,2428.74,2437.11,2420.61,3022,2025-06-26 17:00:00
161141,45,2426.35,2421.89,2443.4,2418.93,3359,2025-06-26 18:00:00
161143,45,2436.56,2426.39,2443.8,2423.61,4001,2025-06-26 19:00:00
161144,45,2446.66,2436.45,2458.79,2431.16,5153,2025-06-26 20:00:00
161145,45,2415.6,2446.74,2446.99,2395.0,5446,2025-06-26 21:00:00
161147,45,2413.8,2414.88,2415.06,2412.89,48,2025-06-26 22:00:00
161263,45,2418.29,2414.7,2418.5,2406.99,1967,2025-06-26 23:00:00
161325,45,2401.68,2417.21,2422.83,2400.87,2133,2025-06-27 00:00:00
161294,45,2427.71,2401.68,2433.2,2381.26,6710,2025-06-27 01:00:00
161326,45,2439.0,2427.7,2441.15,2424.66,3058,2025-06-27 02:00:00
161327,45,2448.02,2439.0,2450.08,2433.82,2469,2025-06-27 03:00:00
161295,45,2450.98,2448.03,2454.71,2440.8,3158,2025-06-27 04:00:00
161328,45,2440.54,2451.12,2454.09,2436.01,2455,2025-06-27 05:00:00
161329,45,2449.8,2440.53,2451.6,2437.76,2163,2025-06-27 06:00:00
161330,45,2443.46,2449.69,2460.58,2438.65,5160,2025-06-27 07:00:00
161296,45,2449.5,2443.57,2464.69,2436.73,3269,2025-06-27 08:00:00
161331,45,2461.84,2449.59,2464.0,2442.97,2850,2025-06-27 09:00:00
161332,45,2447.02,2461.83,2462.75,2446.13,1713,2025-06-27 10:00:00
161333,45,2448.05,2446.93,2455.91,2443.35,1543,2025-06-27 11:00:00
161297,45,2430.85,2448.05,2457.68,2427.55,3916,2025-06-27 12:00:00
161298,45,2429.53,2430.84,2437.97,2418.01,5286,2025-06-27 13:00:00
161299,45,2424.07,2428.95,2438.87,2414.69,7377,2025-06-27 14:00:00
161334,45,2439.86,2424.06,2444.53,2420.41,4239,2025-06-27 15:00:00
161300,45,2434.22,2439.9,2451.3,2432.93,4005,2025-06-27 16:00:00
161301,45,2405.57,2434.18,2434.92,2396.03,9039,2025-06-27 17:00:00
161335,45,2396.07,2405.52,2409.55,2389.17,8830,2025-06-27 18:00:00
161336,45,2414.17,2395.84,2418.61,2392.87,6404,2025-06-27 19:00:00
161337,45,2427.59,2413.76,2429.28,2412.39,4069,2025-06-27 20:00:00
161302,45,2420.64,2427.66,2430.87,2417.95,3690,2025-06-27 21:00:00
161338,45,2423.74,2420.77,2426.3,2420.47,1544,2025-06-27 22:00:00
161339,45,2424.2,2423.73,2426.01,2415.61,1374,2025-06-27 23:00:00
161340,45,2419.22,2424.24,2425.16,2418.0,1304,2025-06-28 00:00:00
161341,45,2419.02,2419.31,2421.11,2407.03,2178,2025-06-28 01:00:00
161342,45,2419.99,2419.03,2423.61,2415.97,1046,2025-06-28 02:00:00
161343,45,2421.92,2420.0,2423.7,2417.8,875,2025-06-28 03:00:00
161303,45,2422.25,2421.97,2423.33,2418.69,646,2025-06-28 04:00:00
161344,45,2423.48,2422.21,2429.83,2419.85,1266,2025-06-28 05:00:00
161345,45,2428.56,2423.69,2428.68,2422.99,596,2025-06-28 06:00:00
161346,45,2432.83,2428.56,2435.89,2425.33,1095,2025-06-28 07:00:00
161347,45,2425.76,2433.08,2433.67,2421.19,1290,2025-06-28 08:00:00
161348,45,2428.26,2425.73,2429.99,2421.05,588,2025-06-28 09:00:00
161304,45,2427.48,2428.02,2431.59,2424.85,669,2025-06-28 10:00:00
161349,45,2428.49,2427.47,2430.17,2427.17,445,2025-06-28 11:00:00
161305,45,2427.42,2428.5,2429.3,2423.87,778,2025-06-28 12:00:00
161306,45,2424.25,2427.42,2430.99,2420.55,2071,2025-06-28 13:00:00
161350,45,2427.27,2424.25,2429.06,2424.06,2092,2025-06-28 14:00:00
161307,45,2437.31,2427.27,2443.86,2424.64,1689,2025-06-28 15:00:00
161351,45,2436.22,2437.39,2444.8,2432.84,1791,2025-06-28 16:00:00
161308,45,2445.16,2436.22,2448.97,2434.21,1207,2025-06-28 17:00:00
161352,45,2438.47,2445.17,2447.0,2434.32,1653,2025-06-28 18:00:00
161353,45,2433.98,2438.47,2441.21,2432.4,1756,2025-06-28 19:00:00
161309,45,2430.63,2434.19,2435.75,2428.27,1490,2025-06-28 20:00:00
161310,45,2437.67,2430.63,2439.43,2429.39,717,2025-06-28 21:00:00
161354,45,2441.44,2437.66,2442.48,2434.87,1313,2025-06-28 22:00:00
161355,45,2437.08,2441.45,2443.42,2436.35,942,2025-06-28 23:00:00
161356,45,2439.64,2437.08,2443.74,2433.12,981,2025-06-29 00:00:00
161311,45,2431.0,2439.64,2440.08,2429.45,739,2025-06-29 01:00:00
161357,45,2433.06,2431.0,2434.57,2425.6,698,2025-06-29 02:00:00
161312,45,2428.91,2433.18,2434.12,2427.91,391,2025-06-29 03:00:00
161313,45,2430.81,2428.91,2432.35,2427.67,446,2025-06-29 04:00:00
161314,45,2434.69,2430.82,2435.8,2428.73,417,2025-06-29 05:00:00
161315,45,2437.8,2434.81,2438.65,2433.16,359,2025-06-29 06:00:00
161316,45,2441.67,2437.8,2441.67,2435.94,344,2025-06-29 07:00:00
161317,45,2444.59,2441.7,2448.33,2439.19,738,2025-06-29 08:00:00
161318,45,2448.99,2444.64,2458.57,2440.09,2395,2025-06-29 09:00:00
161319,45,2457.7,2449.18,2460.0,2448.54,1455,2025-06-29 10:00:00
161320,45,2463.15,2457.7,2464.99,2453.4,1916,2025-06-29 11:00:00
161321,45,2455.88,2463.17,2464.46,2450.47,1534,2025-06-29 12:00:00
161322,45,2448.03,2455.93,2457.69,2447.18,1314,2025-06-29 13:00:00
161358,45,2441.03,2448.02,2452.67,2436.93,2120,2025-06-29 14:00:00
161359,45,2437.84,2441.02,2445.56,2433.14,1401,2025-06-29 15:00:00
161323,45,2439.93,2437.79,2441.04,2430.05,1713,2025-06-29 16:00:00
161324,45,2438.77,2439.97,2441.26,2436.84,345,2025-06-29 17:00:00
161481,45,2439.19,2439.88,2439.88,2439.19,14,2025-06-29 18:00:00
162377,45,2438.72,2438.7,2440.08,2434.2,782,2025-06-29 19:00:00
162378,45,2433.1,2438.72,2439.78,2433.09,745,2025-06-29 20:00:00
162379,45,2432.18,2433.1,2440.2,2413.36,4035,2025-06-29 21:00:00
162380,45,2502.46,2432.18,2511.0,2431.28,10016,2025-06-29 22:00:00
162381,45,2501.12,2502.36,2526.27,2495.42,8887,2025-06-29 23:00:00
162456,45,2504.47,2500.7,2509.26,2500.56,2008,2025-06-30 00:00:00
162585,45,2511.67,2519.58,2520.64,2505.43,4318,2025-06-30 01:00:00
162586,45,2501.98,2511.7,2512.32,2500.0,3938,2025-06-30 02:00:00
162610,45,2500.39,2502.11,2505.76,2496.01,1937,2025-06-30 03:00:00
162611,45,2496.42,2500.34,2506.67,2495.02,1339,2025-06-30 04:00:00
162587,45,2503.63,2496.05,2504.09,2492.04,1441,2025-06-30 05:00:00
162588,45,2465.25,2503.63,2504.57,2457.11,5122,2025-06-30 06:00:00
162612,45,2481.06,2465.1,2483.81,2461.14,3262,2025-06-30 07:00:00
162613,45,2469.13,2481.06,2486.92,2466.79,3639,2025-06-30 08:00:00
162614,45,2452.45,2469.22,2477.4,2451.02,3316,2025-06-30 09:00:00
162615,45,2457.0,2452.51,2458.7,2447.12,2912,2025-06-30 10:00:00
162589,45,2459.0,2456.82,2468.39,2453.81,1608,2025-06-30 11:00:00
162616,45,2460.98,2459.01,2466.51,2457.81,2778,2025-06-30 12:00:00
162617,45,2463.21,2460.78,2476.04,2459.53,6310,2025-06-30 13:00:00
162590,45,2439.1,2463.21,2470.63,2433.97,9049,2025-06-30 14:00:00
162618,45,2475.33,2439.13,2489.19,2436.09,10179,2025-06-30 15:00:00
162591,45,2476.04,2475.36,2483.03,2462.23,5189,2025-06-30 16:00:00
162619,45,2488.55,2476.22,2499.44,2474.59,7002,2025-06-30 17:00:00
162592,45,2486.74,2488.54,2499.83,2480.15,3883,2025-06-30 18:00:00
162593,45,2516.47,2486.73,2519.73,2485.53,10913,2025-06-30 19:00:00
162620,45,2503.72,2516.37,2522.8,2502.21,9069,2025-06-30 20:00:00
162621,45,2488.53,2503.45,2505.5,2483.08,3258,2025-06-30 21:00:00
162594,45,2491.34,2488.38,2497.31,2485.2,5674,2025-06-30 22:00:00
162595,45,2486.15,2491.22,2495.76,2485.32,3301,2025-06-30 23:00:00
162622,45,2493.94,2486.16,2497.44,2478.32,2588,2025-07-01 00:00:00
162623,45,2489.64,2493.89,2501.45,2487.38,1667,2025-07-01 01:00:00
162596,45,2484.25,2489.46,2496.6,2483.31,1402,2025-07-01 02:00:00
162597,45,2486.0,2484.25,2488.77,2479.52,955,2025-07-01 03:00:00
162598,45,2461.71,2486.15,2486.82,2460.59,2259,2025-07-01 04:00:00
162599,45,2461.9,2461.69,2467.25,2452.29,2715,2025-07-01 05:00:00
162624,45,2460.39,2461.9,2463.69,2456.62,1739,2025-07-01 06:00:00
162600,45,2466.14,2460.35,2469.6,2445.5,2685,2025-07-01 07:00:00
162625,45,2454.11,2465.95,2466.19,2452.14,1840,2025-07-01 08:00:00
162626,45,2457.73,2454.1,2459.39,2450.05,1958,2025-07-01 09:00:00
162601,45,2456.64,2457.7,2462.7,2447.1,2200,2025-07-01 10:00:00
162602,45,2450.01,2456.81,2459.87,2443.11,2584,2025-07-01 11:00:00
162627,45,2438.73,2450.14,2454.3,2435.1,4529,2025-07-01 12:00:00
162603,45,2444.4,2438.56,2448.62,2423.89,4753,2025-07-01 13:00:00
162604,45,2420.48,2444.18,2457.35,2407.7,10610,2025-07-01 14:00:00
162605,45,2424.34,2420.46,2432.62,2416.69,4293,2025-07-01 15:00:00
162628,45,2425.26,2424.33,2432.21,2419.94,3077,2025-07-01 16:00:00
162606,45,2433.16,2425.2,2434.76,2418.71,2664,2025-07-01 17:00:00
162629,45,2410.78,2432.97,2434.03,2400.5,4821,2025-07-01 18:00:00
162630,45,2403.09,2410.62,2423.13,2402.58,4632,2025-07-01 19:00:00
162631,45,2415.3,2403.33,2418.83,2393.97,4841,2025-07-01 20:00:00
162632,45,2407.68,2415.39,2419.05,2404.4,3273,2025-07-01 21:00:00
162633,45,2401.41,2407.5,2413.92,2399.93,3154,2025-07-01 22:00:00
162634,45,2405.32,2401.42,2406.74,2386.96,3612,2025-07-01 23:00:00
162635,45,2398.83,2405.41,2410.68,2398.38,2285,2025-07-02 00:00:00
162607,45,2411.63,2398.89,2412.22,2372.62,5384,2025-07-02 01:00:00
162608,45,2418.49,2411.63,2419.37,2407.87,1462,2025-07-02 02:00:00
162636,45,2431.26,2418.5,2432.82,2416.98,2349,2025-07-02 03:00:00
162609,45,2428.0,2431.25,2432.05,2426.35,442,2025-07-02 04:00:00
162673,45,2436.31,2440.3,2440.43,2435.4,415,2025-07-02 05:00:00
162714,45,2452.48,2444.95,2454.87,2439.19,2174,2025-07-02 06:00:00
162715,45,2447.97,2452.45,2455.0,2443.08,1663,2025-07-02 07:00:00
162709,45,2450.07,2447.96,2456.36,2445.3,2956,2025-07-02 08:00:00
162710,45,2449.58,2450.07,2454.24,2446.61,2394,2025-07-02 09:00:00
162716,45,2454.22,2449.48,2455.12,2444.58,1654,2025-07-02 10:00:00
162711,45,2446.19,2454.26,2461.65,2442.37,4808,2025-07-02 11:00:00
162717,45,2438.99,2446.13,2448.18,2430.96,3274,2025-07-02 12:00:00
162718,45,2450.4,2439.0,2459.64,2436.77,3753,2025-07-02 13:00:00
162712,45,2470.91,2450.31,2473.57,2449.4,7471,2025-07-02 14:00:00
162713,45,2493.16,2470.91,2503.81,2470.08,9721,2025-07-02 15:00:00
162910,45,2513.21,2500.2,2517.33,2496.38,2298,2025-07-02 16:00:00
162918,45,2568.36,2562.37,2591.07,2553.49,22178,2025-07-02 17:00:00
162919,45,2583.81,2568.35,2585.34,2565.45,13090,2025-07-02 18:00:00
162920,45,2606.69,2583.69,2609.6,2569.18,12015,2025-07-02 19:00:00
162921,45,2590.92,2606.2,2606.2,2587.61,10258,2025-07-02 20:00:00
162922,45,2597.56,2591.18,2601.15,2584.33,5085,2025-07-02 21:00:00
162923,45,2596.85,2597.56,2619.98,2593.31,6344,2025-07-02 22:00:00
162937,45,2571.13,2595.58,2596.89,2569.13,12153,2025-07-02 23:00:00
162938,45,2565.96,2571.13,2579.76,2563.55,3347,2025-07-03 00:00:00
163832,45,2581.27,2574.67,2588.14,2571.67,2069,2025-07-03 01:00:00
163831,45,2565.31,2581.36,2581.94,2563.76,1546,2025-07-03 02:00:00
163836,45,2571.57,2568.27,2573.04,2562.0,2318,2025-07-03 03:00:00
163838,45,2569.07,2562.25,2570.89,2560.57,1314,2025-07-03 04:00:00
163862,45,2590.42,2567.58,2602.24,2566.87,9028,2025-07-03 05:00:00
163857,45,2600.47,2590.37,2604.04,2586.56,3070,2025-07-03 06:00:00
163858,45,2601.31,2600.22,2606.68,2590.47,3492,2025-07-03 07:00:00
163859,45,2589.03,2601.31,2609.49,2588.38,7526,2025-07-03 08:00:00
163863,45,2600.33,2589.0,2618.03,2587.55,6079,2025-07-03 09:00:00
163860,45,2599.09,2600.47,2602.86,2584.71,2519,2025-07-03 10:00:00
163861,45,2598.24,2599.08,2599.7,2581.8,2355,2025-07-03 11:00:00
163864,45,2578.98,2598.25,2616.83,2566.18,5140,2025-07-03 12:00:00
163865,45,2592.49,2589.98,2599.8,2587.45,1002,2025-07-03 13:00:00
166244,45,2596.37,2626.3,2633.6,2585.77,8840,2025-07-03 14:00:00
166245,45,2588.22,2596.38,2599.65,2586.41,984,2025-07-03 15:00:00
166257,45,2573.47,2571.35,2582.78,2566.43,6550,2025-07-03 16:00:00
166258,45,2578.26,2573.13,2582.41,2572.95,3524,2025-07-03 17:00:00
166259,45,2585.66,2578.27,2588.36,2575.06,2614,2025-07-03 18:00:00
166263,45,2587.2,2586.73,2593.79,2583.06,2496,2025-07-03 19:00:00
166265,45,2599.84,2587.2,2600.0,2586.36,2602,2025-07-03 20:00:00
166266,45,2596.37,2599.96,2604.5,2590.55,1669,2025-07-03 21:00:00
166267,45,2594.36,2596.37,2602.78,2591.17,1962,2025-07-03 22:00:00
166268,45,2592.13,2594.26,2599.0,2585.74,1236,2025-07-03 23:00:00
166264,45,2595.46,2592.14,2599.53,2589.05,1439,2025-07-04 00:00:00
166311,45,2590.9,2589.26,2603.7,2588.25,1560,2025-07-04 01:00:00
166316,45,2576.26,2590.92,2593.04,2572.2,3746,2025-07-04 02:00:00
166317,45,2578.8,2576.29,2586.52,2572.98,2238,2025-07-04 03:00:00
166318,45,2571.22,2578.83,2585.57,2570.09,1181,2025-07-04 04:00:00
166319,45,2569.72,2571.22,2582.15,2563.36,1633,2025-07-04 05:00:00
166320,45,2559.48,2569.72,2571.16,2549.07,3474,2025-07-04 06:00:00
166321,45,2535.85,2559.44,2565.57,2530.01,6031,2025-07-04 07:00:00
166322,45,2548.33,2535.92,2555.11,2528.13,4639,2025-07-04 08:00:00
166323,45,2552.61,2548.33,2559.57,2547.17,1694,2025-07-04 09:00:00
166324,45,2548.96,2552.61,2556.64,2545.82,1480,2025-07-04 10:00:00
166325,45,2550.1,2548.67,2557.7,2548.0,2458,2025-07-04 11:00:00
166326,45,2548.86,2550.04,2554.73,2544.11,2056,2025-07-04 12:00:00
166312,45,2526.85,2548.85,2557.01,2523.41,8761,2025-07-04 13:00:00
166313,45,2517.79,2526.85,2529.78,2497.74,9506,2025-07-04 14:00:00
166314,45,2501.45,2517.66,2519.75,2500.04,4704,2025-07-04 15:00:00
166315,45,2488.04,2501.45,2504.71,2475.0,7173,2025-07-04 16:00:00
166327,45,2497.66,2488.57,2499.24,2487.49,2798,2025-07-04 17:00:00
166328,45,2484.64,2497.35,2497.35,2480.83,2323,2025-07-04 18:00:00
166331,45,2483.13,2484.89,2490.84,2475.17,1515,2025-07-04 19:00:00
166329,45,2491.18,2483.1,2497.43,2481.78,1161,2025-07-04 20:00:00
166332,45,2497.43,2490.96,2498.06,2487.63,1159,2025-07-04 21:00:00
166330,45,2521.22,2497.42,2522.3,2495.74,3133,2025-07-04 22:00:00
166360,45,2508.8,2521.24,2521.56,2504.96,1523,2025-07-04 23:00:00
166361,45,2517.54,2508.79,2518.91,2507.51,768,2025-07-05 00:00:00
166362,45,2513.27,2517.53,2517.54,2507.63,467,2025-07-05 01:00:00
166811,45,2508.81,2515.04,2515.62,2507.97,256,2025-07-05 02:00:00
167002,45,2519.47,2519.62,2525.89,2516.8,827,2025-07-05 03:00:00
167003,45,2517.25,2519.47,2526.78,2513.31,720,2025-07-05 04:00:00
166973,45,2520.38,2517.29,2522.09,2513.89,496,2025-07-05 05:00:00
166974,45,2528.28,2520.38,2529.39,2517.7,842,2025-07-05 06:00:00
166975,45,2522.5,2528.3,2530.42,2520.36,918,2025-07-05 07:00:00
167004,45,2517.12,2522.49,2525.82,2510.9,599,2025-07-05 08:00:00
166976,45,2522.26,2517.28,2523.39,2509.72,360,2025-07-05 09:00:00
166977,45,2519.33,2522.26,2523.88,2518.5,433,2025-07-05 10:00:00
166978,45,2518.88,2519.28,2526.83,2518.65,398,2025-07-05 11:00:00
167005,45,2518.92,2518.88,2520.12,2511.42,601,2025-07-05 12:00:00
166979,45,2515.09,2518.84,2522.81,2513.71,830,2025-07-05 13:00:00
166980,45,2519.41,2515.09,2521.1,2512.53,1192,2025-07-05 14:00:00
167006,45,2508.57,2519.4,2519.94,2505.11,1834,2025-07-05 15:00:00
166981,45,2506.72,2508.72,2514.01,2492.15,2085,2025-07-05 16:00:00
166982,45,2504.53,2506.79,2512.57,2496.8,1033,2025-07-05 17:00:00
167007,45,2493.83,2504.54,2506.09,2493.0,1297,2025-07-05 18:00:00
166983,45,2506.29,2493.83,2509.33,2488.4,1354,2025-07-05 19:00:00
166984,45,2507.25,2506.1,2509.45,2498.86,789,2025-07-05 20:00:00
167008,45,2517.28,2507.0,2519.93,2506.63,1045,2025-07-05 21:00:00
166985,45,2519.89,2517.2,2522.81,2513.71,772,2025-07-05 22:00:00
167009,45,2517.01,2519.75,2523.03,2515.83,1318,2025-07-05 23:00:00
166986,45,2520.79,2517.02,2521.55,2512.94,748,2025-07-06 00:00:00
167010,45,2518.37,2520.77,2520.78,2514.5,385,2025-07-06 01:00:00
166987,45,2513.66,2518.38,2521.6,2513.66,859,2025-07-06 02:00:00
167011,45,2515.6,2513.9,2516.26,2510.09,513,2025-07-06 03:00:00
167012,45,2512.91,2515.6,2518.95,2511.28,351,2025-07-06 04:00:00
166988,45,2511.65,2513.1,2514.11,2509.41,350,2025-07-06 05:00:00
166989,45,2522.58,2511.71,2527.44,2509.75,1449,2025-07-06 06:00:00
166990,45,2518.71,2522.43,2526.24,2517.77,355,2025-07-06 07:00:00
166991,45,2513.82,2518.71,2519.25,2509.62,627,2025-07-06 08:00:00
166992,45,2508.0,2513.77,2518.44,2507.19,497,2025-07-06 09:00:00
166993,45,2509.28,2508.0,2514.62,2504.27,620,2025-07-06 10:00:00
166994,45,2516.93,2509.28,2517.26,2508.5,424,2025-07-06 11:00:00
167013,45,2521.26,2516.71,2522.14,2512.6,768,2025-07-06 12:00:00
166995,45,2558.43,2521.01,2570.33,2517.96,4861,2025-07-06 13:00:00
166996,45,2560.13,2558.69,2568.3,2547.81,4166,2025-07-06 14:00:00
167014,45,2558.89,2560.22,2562.47,2548.81,1310,2025-07-06 15:00:00
167015,45,2552.46,2559.04,2561.53,2543.06,1839,2025-07-06 16:00:00
166997,45,2547.7,2552.47,2553.17,2544.07,1890,2025-07-06 17:00:00
167016,45,2532.58,2547.72,2547.89,2524.36,2366,2025-07-06 18:00:00
166998,45,2541.71,2532.58,2542.42,2531.76,958,2025-07-06 19:00:00
166999,45,2545.91,2541.7,2552.16,2540.76,1236,2025-07-06 20:00:00
167017,45,2588.47,2545.88,2602.2,2545.75,5863,2025-07-06 21:00:00
167000,45,2582.94,2588.47,2605.38,2580.6,4970,2025-07-06 22:00:00
167001,45,2570.84,2582.76,2583.48,2562.68,3629,2025-07-06 23:00:00
167018,45,2563.94,2570.81,2575.04,2555.37,2765,2025-07-07 00:00:00
167021,45,2563.72,2562.04,2566.55,2550.93,2189,2025-07-07 01:00:00
167022,45,2574.17,2563.85,2584.58,2563.77,2118,2025-07-07 02:00:00
167132,45,2577.5,2576.87,2591.15,2575.0,3067,2025-07-07 03:00:00
167139,45,2573.8,2577.65,2581.03,2570.31,1366,2025-07-07 04:00:00
167140,45,2569.73,2573.82,2578.36,2566.41,1320,2025-07-07 05:00:00
167133,45,2565.8,2569.74,2577.29,2563.67,1234,2025-07-07 06:00:00
167134,45,2578.92,2565.86,2579.99,2559.38,1006,2025-07-07 07:00:00
167141,45,2585.68,2578.59,2588.61,2570.23,3017,2025-07-07 08:00:00
167135,45,2572.66,2585.6,2585.68,2566.71,1185,2025-07-07 09:00:00
167136,45,2559.12,2572.66,2572.66,2555.33,2487,2025-07-07 10:00:00
167137,45,2562.95,2559.13,2566.13,2552.71,1431,2025-07-07 11:00:00
167138,45,2549.18,2563.15,2564.79,2544.13,2627,2025-07-07 12:00:00
167142,45,2566.2,2549.22,2570.67,2534.9,5209,2025-07-07 13:00:00
167143,45,2531.72,2566.2,2568.23,2530.0,6271,2025-07-07 14:00:00
167144,45,2533.79,2531.62,2544.79,2527.38,4278,2025-07-07 15:00:00
167145,45,2526.26,2533.99,2543.95,2512.76,9370,2025-07-07 16:00:00
168188,45,2526.85,2524.18,2527.12,2516.93,1447,2025-07-07 17:00:00
168192,45,2537.65,2533.46,2538.89,2532.75,405,2025-07-07 18:00:00
168219,45,2541.49,2544.16,2545.99,2540.31,762,2025-07-07 19:00:00
168235,45,2534.41,2543.9,2544.87,2529.86,2862,2025-07-07 20:00:00
168233,45,2540.38,2534.6,2542.84,2523.65,2686,2025-07-07 21:00:00
168236,45,2536.66,2540.08,2542.66,2530.0,1150,2025-07-07 22:00:00
168237,45,2542.38,2536.66,2546.85,2536.49,4669,2025-07-07 23:00:00
168238,45,2540.6,2542.39,2554.6,2537.79,2994,2025-07-08 00:00:00
168234,45,2529.35,2540.68,2540.68,2528.43,1172,2025-07-08 01:00:00
168247,45,2528.13,2527.03,2538.89,2523.58,2429,2025-07-08 02:00:00
168248,45,2538.26,2527.85,2540.63,2527.26,1229,2025-07-08 03:00:00
168249,45,2543.57,2538.25,2544.82,2532.26,670,2025-07-08 04:00:00
168250,45,2552.27,2543.78,2552.45,2542.01,1382,2025-07-08 05:00:00
168241,45,2559.12,2552.09,2563.69,2550.12,1220,2025-07-08 06:00:00
168251,45,2553.86,2559.14,2560.0,2547.84,1777,2025-07-08 07:00:00
168242,45,2546.42,2553.85,2561.41,2546.1,1443,2025-07-08 08:00:00
168243,45,2551.92,2546.5,2555.48,2543.46,924,2025-07-08 09:00:00
168244,45,2566.58,2552.06,2567.0,2550.33,1938,2025-07-08 10:00:00
168245,45,2575.52,2566.39,2585.9,2563.58,3336,2025-07-08 11:00:00
168252,45,2583.35,2575.57,2585.36,2571.33,2513,2025-07-08 12:00:00
168246,45,2588.57,2583.15,2601.39,2571.32,6880,2025-07-08 13:00:00
168253,45,2562.84,2588.57,2589.7,2562.43,5571,2025-07-08 14:00:00
168358,45,2565.24,2564.56,2570.79,2559.24,3165,2025-07-08 15:00:00
168363,45,2576.87,2565.24,2582.74,2559.86,3423,2025-07-08 16:00:00
168359,45,2617.06,2576.88,2628.95,2575.8,16766,2025-07-08 17:00:00
168360,45,2625.24,2616.9,2626.2,2611.57,15143,2025-07-08 18:00:00
168361,45,2610.95,2625.26,2625.6,2602.07,11766,2025-07-08 19:00:00
168362,45,2599.47,2610.99,2615.62,2598.86,3597,2025-07-08 20:00:00
168364,45,2613.52,2599.33,2614.33,2597.37,2619,2025-07-08 21:00:00
168559,45,2611.59,2610.03,2613.44,2602.87,2704,2025-07-08 22:00:00
168560,45,2616.52,2611.59,2618.96,2607.9,3961,2025-07-08 23:00:00
168561,45,2614.2,2616.35,2616.98,2603.08,3489,2025-07-09 00:00:00
168562,45,2605.79,2614.15,2627.61,2600.54,3961,2025-07-09 01:00:00
168557,45,2603.52,2605.8,2610.94,2602.11,1835,2025-07-09 02:00:00
168563,45,2592.18,2603.61,2608.15,2590.47,2503,2025-07-09 03:00:00
168558,45,2602.99,2592.17,2603.49,2591.22,1402,2025-07-09 04:00:00
168566,45,2612.51,2603.9,2613.55,2602.51,490,2025-07-09 05:00:00
168603,45,2631.69,2628.65,2633.51,2618.55,3663,2025-07-09 06:00:00
168604,45,2625.43,2631.69,2634.53,2621.66,2053,2025-07-09 07:00:00
168605,45,2612.41,2625.43,2626.87,2610.21,3506,2025-07-09 08:00:00
168597,45,2611.69,2612.41,2615.43,2604.36,2950,2025-07-09 09:00:00
168598,45,2618.6,2611.69,2622.29,2606.84,1083,2025-07-09 10:00:00
168599,45,2626.94,2618.79,2631.26,2617.2,3349,2025-07-09 11:00:00
168600,45,2660.42,2626.98,2667.02,2624.3,18126,2025-07-09 12:00:00
168601,45,2655.56,2660.42,2675.54,2653.4,15268,2025-07-09 13:00:00
168606,45,2642.78,2655.17,2670.39,2630.09,10067,2025-07-09 14:00:00
168602,45,2657.4,2642.46,2659.59,2641.61,3561,2025-07-09 15:00:00
168607,45,2659.89,2657.41,2666.38,2652.64,3293,2025-07-09 16:00:00
168613,45,2662.86,2666.77,2669.81,2654.09,8165,2025-07-09 17:00:00
168614,45,2719.06,2662.85,2726.05,2661.92,17182,2025-07-09 18:00:00
168608,45,2765.82,2719.07,2797.83,2717.36,27276,2025-07-09 19:00:00
168609,45,2738.41,2765.82,2767.8,2731.15,21789,2025-07-09 20:00:00
168615,45,2754.16,2738.36,2760.11,2736.0,6354,2025-07-09 21:00:00
168610,45,2781.46,2754.16,2784.0,2754.16,10405,2025-07-09 22:00:00
168616,45,2769.83,2781.07,2784.58,2767.83,7569,2025-07-09 23:00:00
168611,45,2757.65,2769.83,2774.31,2757.5,5668,2025-07-10 00:00:00
168617,45,2775.84,2757.65,2780.14,2756.22,7766,2025-07-10 01:00:00
168618,45,2784.87,2775.79,2799.5,2774.84,9032,2025-07-10 02:00:00
168612,45,2787.22,2784.86,2788.19,2784.52,98,2025-07-10 03:00:00
168653,45,2780.0,2777.23,2781.95,2766.97,4503,2025-07-10 04:00:00
168659,45,2782.96,2780.01,2786.57,2774.05,3159,2025-07-10 05:00:00
168660,45,2796.78,2782.95,2801.51,2780.84,5329,2025-07-10 06:00:00
168654,45,2792.01,2796.57,2824.62,2788.01,8453,2025-07-10 07:00:00
168661,45,2789.51,2792.23,2798.04,2784.12,4169,2025-07-10 08:00:00
168655,45,2779.13,2789.56,2791.11,2775.55,2955,2025-07-10 09:00:00
168662,45,2786.32,2779.1,2788.0,2772.58,2735,2025-07-10 10:00:00
168663,45,2779.87,2785.91,2785.91,2773.16,2194,2025-07-10 11:00:00
168656,45,2779.58,2779.89,2782.06,2768.31,5678,2025-07-10 12:00:00
168657,45,2785.44,2779.58,2796.17,2773.0,5947,2025-07-10 13:00:00
168658,45,2777.72,2785.71,2797.64,2760.0,12751,2025-07-10 14:00:00
168664,45,2775.78,2777.78,2778.45,2762.38,2879,2025-07-10 15:00:00
168685,45,2774.1,2770.69,2776.13,2769.98,570,2025-07-10 16:00:00
173516,45,2831.93,2810.27,2836.83,2803.6,13268,2025-07-10 17:00:00
173517,45,2813.18,2832.24,2842.5,2797.46,15210,2025-07-10 18:00:00
173518,45,2822.27,2813.17,2824.4,2808.96,22942,2025-07-10 19:00:00
173520,45,2820.21,2818.27,2827.08,2815.18,2516,2025-07-10 20:00:00
173526,45,2972.47,2820.57,3000.0,2819.0,37153,2025-07-10 21:00:00
173527,45,2974.23,2973.01,2978.87,2951.4,17788,2025-07-10 22:00:00
173528,45,2951.22,2974.22,2975.28,2934.05,9866,2025-07-10 23:00:00
173537,45,2937.48,2951.87,2959.85,2913.58,8853,2025-07-11 00:00:00
173538,45,2955.49,2937.48,2957.98,2933.39,5666,2025-07-11 01:00:00
173529,45,2966.22,2955.49,2969.75,2952.29,6793,2025-07-11 02:00:00
173539,45,2970.67,2966.25,2975.73,2958.31,4644,2025-07-11 03:00:00
173530,45,2971.17,2970.66,2972.19,2946.2,4305,2025-07-11 04:00:00
173531,45,3006.1,2971.0,3030.39,2967.99,15801,2025-07-11 05:00:00
173540,45,2990.89,3006.11,3027.59,2987.1,9489,2025-07-11 06:00:00
173532,45,2970.44,2990.75,3004.72,2968.74,5603,2025-07-11 07:00:00
173541,45,3004.78,2970.56,3009.53,2965.21,7310,2025-07-11 08:00:00
173542,45,3016.22,3004.65,3040.8,2997.28,6958,2025-07-11 09:00:00
173533,45,3004.67,3016.22,3016.92,2994.45,7547,2025-07-11 10:00:00
173543,45,2985.0,3004.67,3007.47,2968.65,7213,2025-07-11 11:00:00
173534,45,2987.22,2985.07,2995.22,2971.06,4769,2025-07-11 12:00:00
173535,45,3003.56,2987.26,3011.12,2975.72,12438,2025-07-11 13:00:00
173536,45,2998.39,3003.57,3007.47,2986.98,9155,2025-07-11 14:00:00
173591,45,2991.56,2989.63,2994.64,2986.5,879,2025-07-11 15:00:00
173592,45,2970.22,2952.1,2973.79,2936.66,15173,2025-07-11 16:00:00
173611,45,2980.97,2969.39,3001.51,2965.6,7009,2025-07-11 17:00:00
173638,45,2996.85,2994.94,3000.46,2984.24,9666,2025-07-11 18:00:00
173639,45,3009.76,2996.99,3012.73,2979.82,21084,2025-07-11 19:00:00
173640,45,2981.18,3009.84,3011.99,2978.45,8345,2025-07-11 20:00:00
175363,45,2967.72,2976.52,3000.05,2958.24,12078,2025-07-11 21:00:00
175438,45,2951.84,2967.59,2972.93,2925.0,8261,2025-07-11 22:00:00
175439,45,2959.12,2951.84,2962.54,2949.62,2922,2025-07-11 23:00:00
175364,45,2953.85,2959.22,2968.37,2933.63,4783,2025-07-12 00:00:00
175440,45,2960.21,2953.84,2969.0,2953.53,3715,2025-07-12 01:00:00
175441,45,2958.29,2960.06,2973.33,2955.7,2056,2025-07-12 02:00:00
175442,45,2967.3,2958.27,2970.03,2956.36,2140,2025-07-12 03:00:00
175443,45,2953.11,2967.58,2970.15,2942.98,3092,2025-07-12 04:00:00
175444,45,2954.44,2953.0,2959.67,2944.92,1658,2025-07-12 05:00:00
175365,45,2961.13,2954.31,2964.55,2946.68,1832,2025-07-12 06:00:00
175366,45,2964.47,2961.12,2979.52,2960.76,3359,2025-07-12 07:00:00
175367,45,2968.07,2964.55,2971.71,2959.0,1552,2025-07-12 08:00:00
175368,45,2975.09,2968.17,2977.95,2963.41,2003,2025-07-12 09:00:00
175445,45,2977.06,2975.09,2980.8,2968.68,1779,2025-07-12 10:00:00
175446,45,2964.94,2977.05,2981.01,2962.87,2389,2025-07-12 11:00:00
175369,45,2944.75,2964.94,2969.19,2919.04,6761,2025-07-12 12:00:00
175447,45,2940.74,2944.6,2944.6,2919.68,4131,2025-07-12 13:00:00
175448,45,2929.58,2940.96,2951.14,2924.81,3472,2025-07-12 14:00:00
175370,45,2917.04,2929.44,2932.38,2905.29,4517,2025-07-12 15:00:00
175371,45,2925.84,2917.05,2937.02,2911.61,2563,2025-07-12 16:00:00
175372,45,2942.14,2926.33,2944.63,2922.57,2053,2025-07-12 17:00:00
175449,45,2943.55,2942.27,2945.95,2935.94,1546,2025-07-12 18:00:00
175450,45,2942.21,2943.51,2947.04,2935.62,1623,2025-07-12 19:00:00
175451,45,2918.13,2942.21,2943.78,2917.87,2150,2025-07-12 20:00:00
175373,45,2940.44,2918.21,2941.01,2916.1,1572,2025-07-12 21:00:00
175452,45,2938.93,2940.48,2942.41,2926.66,1118,2025-07-12 22:00:00
175453,45,2944.37,2938.92,2950.0,2931.73,1814,2025-07-12 23:00:00
175374,45,2946.09,2944.48,2951.85,2937.0,2056,2025-07-13 00:00:00
175375,45,2950.8,2946.09,2954.99,2940.0,2101,2025-07-13 01:00:00
175454,45,2955.17,2950.8,2961.76,2940.0,2701,2025-07-13 02:00:00
175455,45,2956.22,2955.11,2960.0,2949.3,849,2025-07-13 03:00:00
175376,45,2959.82,2956.26,2960.54,2952.65,1238,2025-07-13 04:00:00
175377,45,2951.99,2959.83,2964.53,2950.77,1281,2025-07-13 05:00:00
175378,45,2961.16,2951.74,2968.85,2950.76,1860,2025-07-13 06:00:00
175456,45,2964.92,2961.16,2967.84,2957.5,1208,2025-07-13 07:00:00
175379,45,2957.06,2964.64,2965.55,2952.57,842,2025-07-13 08:00:00
175380,45,2950.55,2957.06,2958.68,2945.46,822,2025-07-13 09:00:00
175457,45,2950.03,2950.55,2958.55,2946.37,746,2025-07-13 10:00:00
175458,45,2966.47,2950.31,2970.51,2950.31,1879,2025-07-13 11:00:00
175381,45,2987.59,2966.39,2995.0,2961.02,3012,2025-07-13 12:00:00
175459,45,2990.91,2987.58,2997.0,2975.0,2638,2025-07-13 13:00:00
175382,45,2989.45,2990.9,3022.0,2978.26,9537,2025-07-13 14:00:00
175460,45,2993.89,2989.43,3006.78,2985.82,4573,2025-07-13 15:00:00
175383,45,2976.0,2993.93,3001.79,2974.18,3128,2025-07-13 16:00:00
175461,45,2993.09,2975.98,2997.81,2963.64,2590,2025-07-13 17:00:00
175462,45,2994.98,2993.09,3003.77,2988.49,2446,2025-07-13 18:00:00
175463,45,2990.56,2994.99,3011.78,2989.03,3635,2025-07-13 19:00:00
175384,45,2993.23,2990.56,3000.0,2981.32,2260,2025-07-13 20:00:00
175464,45,2966.69,2993.19,2993.19,2940.12,8610,2025-07-13 21:00:00
175385,45,2960.49,2966.49,2971.22,2947.08,5057,2025-07-13 22:00:00
175386,45,2973.38,2960.47,2981.0,2955.08,5161,2025-07-13 23:00:00
175387,45,2976.81,2973.48,2989.35,2968.31,4410,2025-07-14 00:00:00
175465,45,2974.94,2976.86,2980.12,2964.2,4035,2025-07-14 01:00:00
175466,45,3001.84,2975.33,3017.03,2972.01,6432,2025-07-14 02:00:00
175467,45,3038.61,3001.86,3053.94,2998.16,13643,2025-07-14 03:00:00
175388,45,3054.4,3038.66,3060.0,3028.56,8352,2025-07-14 04:00:00
175468,45,3041.29,3054.14,3066.48,3018.16,12048,2025-07-14 05:00:00
175389,45,3024.55,3041.52,3044.54,3021.26,4769,2025-07-14 06:00:00
175390,45,3045.69,3024.54,3052.17,3023.11,6060,2025-07-14 07:00:00
175391,45,3040.34,3045.94,3047.2,3024.04,4038,2025-07-14 08:00:00
175392,45,3045.53,3040.37,3075.0,3035.08,8167,2025-07-14 09:00:00
175469,45,3067.36,3045.49,3081.32,3030.25,9593,2025-07-14 10:00:00
175470,45,3052.17,3067.38,3083.52,3051.19,8656,2025-07-14 11:00:00
175393,45,3051.66,3052.1,3058.31,3035.0,8695,2025-07-14 12:00:00
175394,45,3057.16,3051.88,3066.9,3032.3,11917,2025-07-14 13:00:00
175471,45,3030.16,3056.98,3069.42,3020.03,11973,2025-07-14 14:00:00
175395,45,3012.9,3030.5,3034.58,2994.43,12175,2025-07-14 15:00:00
175472,45,3025.94,3012.91,3030.91,3000.01,11079,2025-07-14 16:00:00
175396,45,3008.86,3025.89,3026.21,3003.2,11148,2025-07-14 17:00:00
175473,45,2990.23,3009.0,3014.08,2983.49,9627,2025-07-14 18:00:00
175397,45,3001.4,2989.99,3004.44,2986.73,10894,2025-07-14 19:00:00
175398,45,3004.96,3001.57,3012.54,2981.81,5690,2025-07-14 20:00:00
175399,45,3011.69,3004.95,3019.09,3001.11,2846,2025-07-14 21:00:00
175474,45,3014.76,3011.68,3021.17,3003.81,3242,2025-07-14 22:00:00
175475,45,3014.53,3014.8,3017.02,3005.43,2960,2025-07-14 23:00:00
175400,45,2993.97,3014.41,3023.95,2989.58,3311,2025-07-15 00:00:00
175476,45,2977.62,2993.75,3001.52,2963.28,8373,2025-07-15 01:00:00
175401,45,2975.11,2977.75,2987.6,2955.0,5364,2025-07-15 02:00:00
175402,45,2952.29,2975.02,2975.02,2933.0,7154,2025-07-15 03:00:00
175477,45,2968.93,2952.18,2972.99,2934.9,3923,2025-07-15 04:00:00
175478,45,2974.53,2969.01,2975.06,2963.07,1701,2025-07-15 05:00:00
175403,45,2985.29,2974.71,2992.6,2970.01,2747,2025-07-15 06:00:00
175479,45,2977.02,2985.62,2995.0,2972.65,5058,2025-07-15 07:00:00
175480,45,2973.9,2977.15,2983.41,2958.2,2753,2025-07-15 08:00:00
175404,45,2972.67,2973.32,2988.92,2969.12,2013,2025-07-15 09:00:00
175405,45,2973.79,2972.5,2979.56,2966.95,1328,2025-07-15 10:00:00
175406,45,2980.66,2974.12,2982.59,2961.55,2200,2025-07-15 11:00:00
175407,45,2999.99,2981.1,3013.9,2967.95,6508,2025-07-15 12:00:00
175408,45,3051.74,3000.37,3067.07,2999.44,11533,2025-07-15 13:00:00
175409,45,2977.39,3051.69,3064.87,2966.45,11164,2025-07-15 14:00:00
175481,45,3039.37,2977.48,3047.0,2966.52,11421,2025-07-15 15:00:00
175482,45,3047.79,3039.37,3066.5,3033.6,11022,2025-07-15 16:00:00
175483,45,3096.82,3047.78,3098.36,3036.28,18567,2025-07-15 17:00:00
175484,45,3065.84,3096.73,3098.5,3040.91,16949,2025-07-15 18:00:00
175485,45,3041.58,3065.65,3086.57,3032.86,16127,2025-07-15 19:00:00
175410,45,3041.39,3041.52,3052.13,3029.86,4943,2025-07-15 20:00:00
175486,45,3081.12,3041.38,3085.32,3040.66,5150,2025-07-15 21:00:00
175411,45,3094.43,3081.12,3095.25,3068.2,6000,2025-07-15 22:00:00
175412,45,3138.01,3094.43,3144.81,3094.25,14167,2025-07-15 23:00:00
175413,45,3143.4,3138.79,3153.16,3117.56,8504,2025-07-16 00:00:00
175487,45,3140.64,3143.34,3150.39,3130.38,5206,2025-07-16 01:00:00
175488,45,3116.19,3140.45,3143.0,3107.17,5355,2025-07-16 02:00:00
175414,45,3116.08,3116.19,3121.49,3103.62,3150,2025-07-16 03:00:00
175415,45,3129.07,3116.09,3132.74,3101.25,3235,2025-07-16 04:00:00
175416,45,3143.06,3129.2,3152.0,3129.04,5741,2025-07-16 05:00:00
175417,45,3165.05,3142.74,3166.82,3132.36,5736,2025-07-16 06:00:00
175418,45,3162.82,3165.35,3175.7,3154.25,5676,2025-07-16 07:00:00
175489,45,3165.25,3162.58,3174.0,3159.03,2578,2025-07-16 08:00:00
175490,45,3162.96,3165.26,3172.82,3148.74,2666,2025-07-16 09:00:00
175491,45,3145.12,3163.0,3163.84,3144.64,2564,2025-07-16 10:00:00
175419,45,3151.22,3144.63,3160.71,3144.18,2241,2025-07-16 11:00:00
175492,45,3166.2,3151.22,3181.81,3148.02,6098,2025-07-16 12:00:00
175493,45,3196.71,3166.52,3200.0,3160.17,23777,2025-07-16 13:00:00
175494,45,3253.28,3196.71,3267.51,3180.0,29447,2025-07-16 14:00:00
175420,45,3246.18,3252.96,3266.2,3207.94,21854,2025-07-16 15:00:00
175495,45,3287.49,3246.09,3295.0,3236.69,22222,2025-07-16 16:00:00
175421,45,3319.56,3287.53,3325.52,3275.97,27686,2025-07-16 17:00:00
175496,45,3338.63,3319.39,3373.57,3316.29,28295,2025-07-16 18:00:00
175422,45,3385.07,3338.61,3386.83,3337.93,23388,2025-07-16 19:00:00
175497,45,3381.94,3385.82,3425.89,3368.22,23732,2025-07-16 20:00:00
175498,45,3375.75,3381.95,3400.6,3345.03,10271,2025-07-16 21:00:00
175423,45,3364.59,3376.01,3392.38,3351.08,15164,2025-07-16 22:00:00
175424,45,3373.12,3364.59,3377.01,3347.43,7749,2025-07-16 23:00:00
175425,45,3378.75,3373.2,3399.8,3368.96,7017,2025-07-17 00:00:00
175499,45,3339.95,3378.75,3397.81,3311.01,13828,2025-07-17 01:00:00
175500,45,3350.68,3339.89,3364.32,3334.79,7493,2025-07-17 02:00:00
175426,45,3331.82,3350.69,3351.52,3315.69,6158,2025-07-17 03:00:00
175501,45,3352.34,3331.66,3353.76,3320.78,3543,2025-07-17 04:00:00
175427,45,3376.08,3352.46,3379.27,3339.49,3660,2025-07-17 05:00:00
175502,45,3442.91,3375.76,3446.15,3365.17,11446,2025-07-17 06:00:00
175428,45,3449.79,3442.66,3470.93,3410.39,13644,2025-07-17 07:00:00
175503,45,3450.36,3449.79,3452.4,3427.2,4338,2025-07-17 08:00:00
175504,45,3467.64,3450.07,3481.06,3441.55,10148,2025-07-17 09:00:00
175505,45,3459.55,3467.64,3483.25,3448.19,11329,2025-07-17 10:00:00
175429,45,3434.96,3460.05,3461.51,3431.52,5524,2025-07-17 11:00:00
175430,45,3427.21,3434.86,3441.31,3410.86,6988,2025-07-17 12:00:00
175431,45,3401.86,3426.83,3434.54,3363.57,12926,2025-07-17 13:00:00
175432,45,3428.36,3401.95,3436.36,3401.81,24881,2025-07-17 14:00:00
175506,45,3422.33,3428.58,3435.81,3390.05,9661,2025-07-17 15:00:00
175433,45,3395.58,3421.87,3429.88,3367.24,14119,2025-07-17 16:00:00
175507,45,3425.95,3395.75,3432.08,3390.26,10284,2025-07-17 17:00:00
175508,45,3429.03,3426.0,3445.0,3420.55,11915,2025-07-17 18:00:00
175434,45,3414.74,3429.24,3458.65,3406.05,23363,2025-07-17 19:00:00
175435,45,3422.45,3415.12,3422.45,3374.18,10101,2025-07-17 20:00:00
175436,45,3470.3,3422.46,3505.0,3419.17,26267,2025-07-17 21:00:00
175437,45,3468.94,3469.96,3495.95,3453.73,10710,2025-07-17 22:00:00
175509,45,3479.77,3468.94,3526.73,3464.06,15252,2025-07-17 23:00:00
175510,45,3541.28,3479.78,3544.64,3461.68,17520,2025-07-18 00:00:00
175511,45,3618.1,3541.28,3630.0,3528.36,35916,2025-07-18 01:00:00
175512,45,3626.75,3617.83,3629.88,3590.0,9856,2025-07-18 02:00:00
179379,45,3599.4,3605.05,3609.9,3586.48,12359,2025-07-18 03:00:00
179380,45,3622.36,3599.53,3626.46,3578.65,9226,2025-07-18 04:00:00
179415,45,3673.48,3622.5,3677.4,3619.0,12528,2025-07-18 05:00:00
179381,45,3653.81,3672.99,3673.03,3642.37,7340,2025-07-18 06:00:00
179382,45,3607.63,3653.81,3672.76,3604.93,25598,2025-07-18 07:00:00
179383,45,3606.01,3607.61,3630.75,3584.69,10530,2025-07-18 08:00:00
179384,45,3622.96,3605.92,3626.23,3593.56,7987,2025-07-18 09:00:00
179385,45,3619.59,3622.96,3627.5,3603.3,3849,2025-07-18 10:00:00
179416,45,3612.33,3619.6,3633.17,3589.07,7535,2025-07-18 11:00:00
179386,45,3639.91,3612.4,3640.87,3593.31,4295,2025-07-18 12:00:00
179387,45,3642.09,3639.61,3661.31,3611.52,15394,2025-07-18 13:00:00
179388,45,3587.22,3642.03,3676.35,3555.83,20656,2025-07-18 14:00:00
179389,45,3565.27,3587.27,3591.64,3531.0,17446,2025-07-18 15:00:00
179417,45,3575.69,3565.9,3591.53,3549.83,23169,2025-07-18 16:00:00
179390,45,3601.97,3575.7,3627.73,3568.67,13274,2025-07-18 17:00:00
179391,45,3574.96,3602.5,3609.95,3568.34,15664,2025-07-18 18:00:00
179418,45,3554.53,3574.96,3586.46,3539.61,21852,2025-07-18 19:00:00
179419,45,3519.54,3554.92,3558.04,3480.0,13982,2025-07-18 20:00:00
179392,45,3556.41,3519.12,3573.97,3517.16,8063,2025-07-18 21:00:00
179393,45,3541.06,3556.4,3579.24,3533.61,11581,2025-07-18 22:00:00
179394,45,3549.67,3541.36,3554.47,3508.71,8598,2025-07-18 23:00:00
179395,45,3525.33,3549.66,3569.25,3524.63,6662,2025-07-19 00:00:00
179420,45,3548.8,3525.54,3556.15,3508.66,5056,2025-07-19 01:00:00
179421,45,3572.86,3548.8,3580.0,3537.34,5725,2025-07-19 02:00:00
179396,45,3595.93,3572.85,3602.22,3570.0,6090,2025-07-19 03:00:00
179397,45,3592.64,3595.93,3610.85,3582.93,1777,2025-07-19 04:00:00
179398,45,3588.31,3593.01,3598.18,3577.74,2082,2025-07-19 05:00:00
179399,45,3574.05,3588.31,3589.5,3569.59,880,2025-07-19 06:00:00
179400,45,3573.9,3573.57,3589.92,3569.5,1153,2025-07-19 07:00:00
179422,45,3556.3,3573.9,3580.79,3549.0,2298,2025-07-19 08:00:00
179401,45,3560.34,3556.3,3571.23,3551.32,1004,2025-07-19 09:00:00
179402,45,3559.71,3560.86,3570.7,3552.98,1350,2025-07-19 10:00:00
179423,45,3554.91,3560.06,3579.71,3540.46,3095,2025-07-19 11:00:00
179424,45,3563.74,3554.9,3567.06,3540.88,2853,2025-07-19 12:00:00
179403,45,3560.63,3563.62,3574.5,3551.4,2695,2025-07-19 13:00:00
179404,45,3533.72,3560.63,3563.15,3528.8,3147,2025-07-19 14:00:00
179405,45,3554.1,3533.8,3564.95,3531.94,3027,2025-07-19 15:00:00
179406,45,3561.57,3554.08,3571.77,3537.27,4815,2025-07-19 16:00:00
179425,45,3544.97,3561.88,3563.08,3532.18,5519,2025-07-19 17:00:00
179407,45,3554.73,3544.81,3564.29,3541.6,4283,2025-07-19 18:00:00
179426,45,3580.13,3554.8,3584.07,3543.75,3993,2025-07-19 19:00:00
179427,45,3565.76,3580.13,3594.98,3565.65,3530,2025-07-19 20:00:00
179428,45,3573.39,3565.75,3576.42,3540.24,4830,2025-07-19 21:00:00
179429,45,3579.07,3573.47,3593.03,3564.26,3713,2025-07-19 22:00:00
179430,45,3594.3,3578.84,3600.67,3576.62,3742,2025-07-19 23:00:00
179431,45,3593.39,3594.31,3599.9,3581.22,4870,2025-07-20 00:00:00
179432,45,3607.13,3593.38,3627.81,3591.32,6100,2025-07-20 01:00:00
179433,45,3618.01,3606.96,3627.4,3598.04,4387,2025-07-20 02:00:00
179434,45,3659.94,3618.29,3695.0,3610.31,11716,2025-07-20 03:00:00
179435,45,3656.58,3660.11,3669.09,3635.61,6010,2025-07-20 04:00:00
179408,45,3649.34,3656.6,3665.51,3638.0,4624,2025-07-20 05:00:00
179436,45,3654.84,3649.38,3662.55,3641.05,3966,2025-07-20 06:00:00
179437,45,3670.67,3654.73,3691.52,3654.73,4125,2025-07-20 07:00:00
179409,45,3713.71,3670.81,3718.84,3670.81,6438,2025-07-20 08:00:00
179438,45,3708.88,3713.53,3729.0,3696.6,4270,2025-07-20 09:00:00
179410,45,3701.67,3708.65,3715.65,3697.24,3401,2025-07-20 10:00:00
179411,45,3757.68,3701.67,3768.02,3698.48,7209,2025-07-20 11:00:00
179439,45,3748.55,3757.64,3758.53,3723.97,5857,2025-07-20 12:00:00
179412,45,3750.18,3748.44,3759.33,3737.65,4581,2025-07-20 13:00:00
179413,45,3769.08,3750.28,3769.91,3727.61,4903,2025-07-20 14:00:00
179414,45,3770.49,3769.34,3783.49,3750.22,4753,2025-07-20 15:00:00
