close,hi1,lo1,hi2,lo2,hi3,lo3,rg,flr,clg,rg_ch,rolling_max,rolling_min,trading_range,trading_range_lo_band,trading_range_hi_band,band_24,band_76,tr_signal
2506.25,,,,,,,,,,,,,,,,,,0
2496.43,,,,,,,,,,,,,,,,,,0
2493.52,,2493.52,,,,,,,,,,,,,,,,0
2498.3,2498.3,,,,,,,,,,,,,,,,,0
2486.84,,,,,,,,,,,,,,,,,,0
2482.05,,2482.05,,2482.05,,,,,,,,,,,,,,0
2494.71,2494.71,,,,,,,,,,,,,,,,,0
2493.14,,2493.14,,,,,,,,,,,,,,,,0
2496.75,,,,,,,,,,,,,,,,,,0
2510.41,,,,,,,,,,,,,,,,,,0
2536.17,,,,,,,,,,,,,,,,,,0
2543.37,,,,,,,,,,,,,,,,,,0
2546.56,2546.56,,,,,,,,,,,,,,,,,0
2518.92,,2518.92,,,,,,,,,,,,,,,,0
2532.15,,,,,,,,,,,,,,,,,,0
2535.55,,,,,,,,,,,,,,,,,,0
2559.85,,,,,,,,,,,,,,,,,,0
2573.11,,,,,,,,,,,,,,,,,,0
2585.84,2585.84,,,,,,,,,,,,,,,,,0
2582.28,,,,,,,,,,,,,,,,,,0
2581.81,,2581.81,,,,,,,,,,,,,,,,0
2637.64,,,,,,,,,,,,,,,,,,0
2656.49,,,,,,,,,,,,,,,,,,0
2666.33,,,,,,,,,,,,,,,,,,0
2700.18,,,,,,,,,,,,,,,,,,0
2709.32,2709.32,,2709.32,,,,,,,,,,,,,,,0
2693.26,,,,,,,,,,,,,,,,,,0
2689.7,,2689.7,,,,,,,,,,,,,,,,0
2690.52,2690.52,,,,,,,,,,,,,,,,,0
2671.71,,2671.71,,2671.71,,,,,,,,,,,,,,0
2677.15,,,,,,,,,,,,,,,,,,0
2678.24,2678.24,,,,,,,,,,,,,,,,,0
2674.57,,2674.57,,,,,,,,,,,,,,,,0
2693.48,,,,,,,,,,,,,,,,,,0
2696.18,,,,,,,,,,,,,,,,,,0
2774.77,2774.77,,,,,,,,,,,,,,,,,0
2765.58,,,,,,,,,,,,,,,,,,0
2744.26,,,,,,,,,,,,,,,,,,0
2736.93,,,,,,,,,,,,,,,,,,0
2733.56,,,,,,,,,,,,,,,,,,0
2731.63,,2731.63,,,,,,,,,,,,,,,,0
2741.61,,,,,,,,,,,,,,,,,,0
2754.97,,,,,,,,,,,,,,,,,,0
2775.25,2775.25,,,,,,,,,,,,,,,,,0
2774.74,,,,,,,,,,,,,,,,,,0
2765.88,,2765.88,,,,,,,,,,,,,,,,0
2803.77,2803.77,,2803.77,,,,,,,,,,,,,,,0
2794.84,,2794.84,,,,,,,,,,,,,,,,0
2795.9,2795.9,,,,,,,,,,,,,,,,,0
2794.97,,,,,,,,,,,,,,,,,,0
2780.91,,2780.91,,,,,,,,,,,,,,,,0
2791.46,,,,,,,,,,,,,,,,,,0
2797.58,2797.58,,,,,,,,,,,,,,,,,0
2794.08,,,,,,,,,,,,,,,,,,0
2792.57,,,,,,,,,,,,,,,,,,0
2792.23,,,,,,,,,,,,,,,,,,0
2769.56,,,,,,,,,,,,,,,,,,0
2759.49,,2759.49,,2759.49,,,,,,,,,,,,,,0
2772.26,,,,,,,,,,,,,,,,,,0
2772.47,,,,,,,,,,,,,,,,,,0
2805.34,2805.34,,,,,,,,,,,,,,,,,0
2796.89,,2796.89,,,,,,,,,,,,,,,,0
2841.18,,,,,,,,,,,,,,,,,,0
2865.75,,,,,,,,,,,,,,,,,,0
2868.6,2868.6,,2868.6,,2868.6,,,,2868.6,,,,,,,,,0
2830.67,,,,,,,,,,,,,,,,,,0
2822.66,,,,,,,,,,,,,,,,,,0
2804.58,,2804.58,,,,,,,,,,,,,,,,0
2816.3,2816.3,,,,,,,,,,,,,,,,,0
2785.09,,,,,,,,,,,,,,,,,,0
2759.4,,2759.4,,,,,,,,,,,,,,,,0
2772.39,,,,,,,,,,,,,,,,,,0
2776.31,,,,,,,,,,,,,,,,,,0
2776.71,2776.71,,,,,,,,,,,,,,,,,0
2758.49,,2758.49,,2758.49,,,,,,,,,,,,,,0
2765.59,2765.59,,,,,,,,,,,,,,,,,0
2762.98,,2762.98,,,,,,,,,,,,,,,,0
2765.2,,,,,,,,,,,,,,,,,,0
2768.71,2768.71,,2768.71,,,,,,,,,,,,,,,0
2741.13,,2741.13,,,,,,,,,,,,,,,,0
2757.99,2757.99,,,,,,,,,,,,,,,,,0
2753.46,,,,,,,,,,,,,,,,,,0
2750.87,,,,,,,,,,,,,,,,,,0
2730.38,,2730.38,,,,,,,,,,,,,,,,0
2737.48,,,,,,,,,,,,,,,,,,0
2750.23,,,,,,,,,,,,,,,,,,0
2765.65,2765.65,,2765.65,,,,,,,,,,,,,,,0
2720.45,,2720.45,,,,,,,,,,,,,,,,0
2744.02,,,,,,,,,,,,,,,,,,0
2763.1,2763.1,,,,,,,,,,,,,,,,,0
2736.13,,,,,,,,,,,,,,,,,,0
2695.44,,,,,,,,,,,,,,,,,,0
2641.05,,,,,,,,,,,,,,,,,,0
2634.83,,2634.83,,,,,,,,,,,,,,,,0
2641.62,,,,,,,,,,,,,,,,,,0
2643.8,2643.8,,,,,,,,,,,,,,,,,0
2528.17,,,,,,,,,,,,,,,,,,0
2479.75,,,,,,,,,,,,,,,,,,0
2478.0,,2478.0,,2478.0,,2478.0,,2478.0,,,,,,,,,,0
2516.44,2516.44,,,,,,,,,,,,,,,,,0
2510.43,,,,,,,,,,,,,,,,,,0
2508.62,,2508.62,,,,,,,,,,,,,,,,0
2534.62,2534.62,,,,,,,,,,,,,,,,,0
2527.99,,,,,,,,,,,,,,,,,,0
2519.26,,2519.26,,,,,,,,,,,,,,,,0
2522.72,,,,,,,,,,,,,,,,,,0
2533.92,,,,,,,,,,,,,,,,,,0
2546.63,2546.63,,2546.63,,,,,,,,,,,,,,,0
2543.55,,2543.55,,,,,,,,,,,,,,,,0
2544.65,2544.65,,,,,,,,,,,,,,,,,0
2539.85,,2539.85,,,,,,,,,,,,,,,,0
2553.2,,,,,,,,,,,,,,,,,,0
2563.54,2563.54,,,,,,,,,,,,,,,,,0
2544.46,,,,,,,,,,,,,,,,,,0
2530.83,,,,,,,,,,,,,,,,,,0
2529.26,,2529.26,,2529.26,,,,,,,,,,,,,,0
2538.82,,,,,,,,,,,,,,,,,,0
2546.35,,,,,,,,,,,,,,,,,,0
2574.45,,,,,,,,,,,,,,,,,,0
2580.21,2580.21,,2580.21,,2580.21,,,,,,,,,,,,,0
2563.83,,,,,,,,,,,,,,,,,,0
2559.36,,,,,,,,,,,,,,,,,,0
2556.51,,,,,,,,,,,,,,,,,,0
2550.08,,2550.08,,,,,,,,,,,,,,,,0
2553.04,,,,,,,,,,,,,,,,,,0
2553.32,2553.32,,,,,,,,,,,,,,,,,0
2544.44,,,,,,,,,,,,,,,,,,0
2538.66,,,,,,,,,,,,,,,,,,0
2537.09,,,,,,,,,,,,,,,,,,0
2524.45,,2524.45,,,,,,,,,,,,,,,,0
2532.38,,,,,,,,,,,,,,,,,,0
2539.7,2539.7,,,,,,,,,,,,,,,,,0
2537.83,,,,,,,,,,,,,,,,,,0
2535.92,,,,,,,,,,,,,,,,,,0
2530.68,,,,,,,,,,,,,,,,,,0
2520.71,,,,,,,,,,,,,,,,,,0
2498.71,,2498.71,,2498.71,,2498.71,,,,,,,,,,,,0
2512.64,2512.64,,,,,,,,,,,,,,,,,0
2509.27,,,,,,,,,,,,,,,,,,0
2509.03,,2509.03,,,,,,,,,,,,,,,,0
2510.44,,,,,,,,,,,,,,,,,,0
2528.66,2528.66,,,,,,,,,,,,,,,,,0
2526.94,,2526.94,,,,,,,,,,,,,,,,0
2531.97,,,,,,,,,,,,,,,,,,0
2538.79,2538.79,,,,,,,,,,,,,,,,,0
2530.37,,2530.37,,,,,,,,,,,,,,,,0
2530.67,,,,,,,,,,,,,,,,,,0
2531.41,,,,,,,,,,,,,,,,,,0
2544.76,,,,,,,,,,,,,,,,,,0
2551.98,2551.98,,2551.98,,,,,,,,,,,,,,,0
2536.92,,,,,,,,,,,,,,,,,,0
2529.52,,,,,,,,,,,,,,,,,,0
2521.5,,,,,,,,,,,,,,,,,,0
2510.93,,2510.93,,2510.93,,,,,,,,,,,,,,0
2521.02,2521.02,,,,,,,,,,2868.6,2478.0,390.5999999999999,2716.266,2634.24,2571.744,2774.8559999999998,0
2517.07,,2517.07,,,,,,,,2580.21,2580.21,2478.0,102.21000000000004,2540.3481,2518.884,2502.5304,2555.6796,1
2526.82,,,,,,,,,,2580.21,2580.21,2478.0,102.21000000000004,2540.3481,2518.884,2502.5304,2555.6796,2
2543.73,,,,,,,,,,2580.21,2580.21,2478.0,102.21000000000004,2540.3481,2518.884,2502.5304,2555.6796,3
2549.48,2549.48,,,,,,,,,2580.21,2580.21,2478.0,102.21000000000004,2540.3481,2518.884,2502.5304,2555.6796,3
2542.52,,2542.52,,,,,,,,2580.21,2580.21,2478.0,102.21000000000004,2540.3481,2518.884,2502.5304,2555.6796,3
2552.24,,,,,,,,,,2580.21,2580.21,2478.0,102.21000000000004,2540.3481,2518.884,2502.5304,2555.6796,3
2554.37,2554.37,,2554.37,,,,-1.0,,,2580.21,2580.21,2478.0,102.21000000000004,2540.3481,2518.884,2502.5304,2555.6796,3
2549.24,,,,,,,-1.0,,,2580.21,2580.21,2478.0,102.21000000000004,2540.3481,2518.884,2502.5304,2555.6796,3
2537.44,,,,,,,-1.0,,,2580.21,2580.21,2478.0,102.21000000000004,2540.3481,2518.884,2502.5304,2555.6796,2
2503.99,,2503.99,,2503.99,,2503.99,-1.0,,,2580.21,2580.21,2478.0,102.21000000000004,2540.3481,2518.884,2502.5304,2555.6796,1
2517.82,,,,,,,-1.0,,,2580.21,2580.21,2478.0,102.21000000000004,2540.3481,2518.884,2502.5304,2555.6796,1
2545.3,,,,,,,-1.0,,,2580.21,2580.21,2478.0,102.21000000000004,2540.3481,2518.884,2502.5304,2555.6796,3
2548.03,2548.03,,,,,,-1.0,,,2580.21,2580.21,2478.0,102.21000000000004,2540.3481,2518.884,2502.5304,2555.6796,3
2545.21,,2545.21,,,,,-1.0,,,2580.21,2580.21,2478.0,102.21000000000004,2540.3481,2518.884,2502.5304,2555.6796,3
2554.48,,,,,,,-1.0,,,2580.21,2580.21,2478.0,102.21000000000004,2540.3481,2518.884,2502.5304,2555.6796,3
2575.0,2575.0,,,,,,-1.0,,,2580.21,2580.21,2478.0,102.21000000000004,2540.3481,2518.884,2502.5304,2555.6796,4
2568.91,,2568.91,,,,,-1.0,,,2580.21,2580.21,2478.0,102.21000000000004,2540.3481,2518.884,2502.5304,2555.6796,4
2576.57,,,,,,,-1.0,,,2580.21,2580.21,2478.0,102.21000000000004,2540.3481,2518.884,2502.5304,2555.6796,4
2607.9,,,,,,,-1.0,,,2580.21,2607.9,2478.0,129.9000000000001,2557.239,2529.96,2509.176,2576.724,4
2608.06,,,,,,,-1.0,,,2580.21,2608.06,2478.0,130.05999999999995,2557.3366,2530.024,2509.2144,2576.8456,4
2629.22,,,,,,,-1.0,,,2580.21,2629.22,2478.0,151.2199999999998,2570.2442,2538.488,2514.2928,2592.9271999999996,4
2630.74,2630.74,,2630.74,,,,-1.0,,,2580.21,2630.74,2478.0,152.73999999999978,2571.1713999999997,2539.096,2514.6576,2594.0824,4
2621.89,,,,,,,-1.0,,,2580.21,2630.74,2478.0,152.73999999999978,2571.1713999999997,2539.096,2514.6576,2594.0824,4
2617.12,,2617.12,,,,,-1.0,,,2580.21,2630.74,2478.0,152.73999999999978,2571.1713999999997,2539.096,2514.6576,2594.0824,4
2617.78,2617.78,,,,,,-1.0,,,2580.21,2630.74,2478.0,152.73999999999978,2571.1713999999997,2539.096,2514.6576,2594.0824,4
2615.7,,2615.7,,2615.7,,,1.0,,,2580.21,2630.74,2478.0,152.73999999999978,2571.1713999999997,2539.096,2514.6576,2594.0824,4
2641.03,2641.03,,,,,,1.0,,,2580.21,2641.03,2478.0,163.0300000000002,2577.4483,2543.212,2517.1272,2601.9028000000003,4
2640.99,,2640.99,,,,,1.0,,,2580.21,2641.03,2498.71,142.32000000000016,2585.5252,2555.638,2532.8668000000002,2606.8732,4
2647.35,2647.35,,,,,,1.0,,,2503.99,2647.35,2498.71,148.63999999999987,2589.3804,2558.166,2534.3836,2611.6764,4
2634.41,,2634.41,,,,,1.0,,,2503.99,2647.35,2498.71,148.63999999999987,2589.3804,2558.166,2534.3836,2611.6764,4
2634.91,,,,,,,1.0,,,2503.99,2647.35,2498.71,148.63999999999987,2589.3804,2558.166,2534.3836,2611.6764,4
2642.39,,,,,,,1.0,,,2503.99,2647.35,2498.71,148.63999999999987,2589.3804,2558.166,2534.3836,2611.6764,4
2656.89,,,,,,,1.0,,,2503.99,2656.89,2498.71,158.17999999999984,2595.1998,2561.982,2536.6732,2618.9267999999997,4
2670.82,2670.82,,2670.82,,2670.82,,1.0,,2670.82,2503.99,2670.82,2498.71,172.11000000000013,2603.6971000000003,2567.554,2540.0164,2629.5136,4
2650.19,,,,,,,1.0,,,2503.99,2670.82,2498.71,172.11000000000013,2603.6971000000003,2567.554,2540.0164,2629.5136,4
2571.6,,,,,,,1.0,,,2503.99,2670.82,2498.71,172.11000000000013,2603.6971000000003,2567.554,2540.0164,2629.5136,2
2545.27,,2545.27,,2545.27,,,1.0,,,2503.99,2670.82,2498.71,172.11000000000013,2603.6971000000003,2567.554,2540.0164,2629.5136,1
2588.24,2588.24,,,,,,1.0,,,2503.99,2670.82,2498.71,172.11000000000013,2603.6971000000003,2567.554,2540.0164,2629.5136,2
2581.04,,,,,,,1.0,,,2503.99,2670.82,2498.71,172.11000000000013,2603.6971000000003,2567.554,2540.0164,2629.5136,2
2577.74,,2577.74,,,,,1.0,,,2503.99,2670.82,2498.71,172.11000000000013,2603.6971000000003,2567.554,2540.0164,2629.5136,2
2617.6,2617.6,,2617.6,,,,1.0,,,2503.99,2670.82,2498.71,172.11000000000013,2603.6971000000003,2567.554,2540.0164,2629.5136,3
2610.66,,,,,,,1.0,,,2503.99,2670.82,2498.71,172.11000000000013,2603.6971000000003,2567.554,2540.0164,2629.5136,3
2580.52,,2580.52,,,,,1.0,,,2503.99,2670.82,2498.71,172.11000000000013,2603.6971000000003,2567.554,2540.0164,2629.5136,2
2582.85,,,,,,,1.0,,,2503.99,2670.82,2498.71,172.11000000000013,2603.6971000000003,2567.554,2540.0164,2629.5136,2
2583.05,2583.05,,,,,,1.0,,,2503.99,2670.82,2498.71,172.11000000000013,2603.6971000000003,2567.554,2540.0164,2629.5136,2
2572.02,,,,,,,1.0,,,2503.99,2670.82,2498.71,172.11000000000013,2603.6971000000003,2567.554,2540.0164,2629.5136,2
2566.89,,,,,,,1.0,,,2503.99,2670.82,2498.71,172.11000000000013,2603.6971000000003,2567.554,2540.0164,2629.5136,1
2557.56,,,,,,,1.0,,,2503.99,2670.82,2498.71,172.11000000000013,2603.6971000000003,2567.554,2540.0164,2629.5136,1
2552.75,,,,,,,1.0,,,2503.99,2670.82,2498.71,172.11000000000013,2603.6971000000003,2567.554,2540.0164,2629.5136,1
2548.42,,2548.42,,,,,1.0,,,2503.99,2670.82,2498.71,172.11000000000013,2603.6971000000003,2567.554,2540.0164,2629.5136,1
2553.15,,,,,,,1.0,,,2503.99,2670.82,2498.71,172.11000000000013,2603.6971000000003,2567.554,2540.0164,2629.5136,1
2554.59,2554.59,,,,,,1.0,,,2503.99,2670.82,2498.71,172.11000000000013,2603.6971000000003,2567.554,2540.0164,2629.5136,1
2499.2,,,,,,,1.0,,,2503.99,2670.82,2498.71,172.11000000000013,2603.6971000000003,2567.554,2540.0164,2629.5136,0
2498.82,,,,,,,1.0,,,2503.99,2670.82,2498.71,172.11000000000013,2603.6971000000003,2567.554,2540.0164,2629.5136,0
2476.04,,,,,,,1.0,,,2503.99,2670.82,2476.04,194.7800000000002,2594.8558000000003,2553.952,2522.7872,2624.0728,0
2468.69,,2468.69,,2468.69,,2468.69,1.0,,,2503.99,2670.82,2468.69,202.1300000000001,2591.9893,2549.542,2517.2012,2622.3088000000002,0
2498.5,,,,,,,1.0,,,2503.99,2670.82,2468.69,202.1300000000001,2591.9893,2549.542,2517.2012,2622.3088000000002,0
2532.05,2532.05,,,,,,1.0,,,2503.99,2670.82,2468.69,202.1300000000001,2591.9893,2549.542,2517.2012,2622.3088000000002,1
2511.18,,,,,,,1.0,,,2503.99,2670.82,2468.69,202.1300000000001,2591.9893,2549.542,2517.2012,2622.3088000000002,0
2495.04,,2495.04,,,,,1.0,,,2503.99,2670.82,2468.69,202.1300000000001,2591.9893,2549.542,2517.2012,2622.3088000000002,0
2518.38,,,,,,,1.0,,,2503.99,2670.82,2468.69,202.1300000000001,2591.9893,2549.542,2517.2012,2622.3088000000002,1
2526.49,2526.49,,,,,,1.0,,,2503.99,2670.82,2468.69,202.1300000000001,2591.9893,2549.542,2517.2012,2622.3088000000002,1
2519.93,,,,,,,1.0,,,2503.99,2670.82,2468.69,202.1300000000001,2591.9893,2549.542,2517.2012,2622.3088000000002,1
2515.44,,2515.44,,,,,1.0,,,2503.99,2670.82,2468.69,202.1300000000001,2591.9893,2549.542,2517.2012,2622.3088000000002,0
2528.37,,,,,,,1.0,,,2503.99,2670.82,2468.69,202.1300000000001,2591.9893,2549.542,2517.2012,2622.3088000000002,1
2537.67,2537.67,,2537.67,,,,1.0,,,2503.99,2670.82,2468.69,202.1300000000001,2591.9893,2549.542,2517.2012,2622.3088000000002,1
2537.29,,,,,,,1.0,,,2503.99,2670.82,2468.69,202.1300000000001,2591.9893,2549.542,2517.2012,2622.3088000000002,1
2525.19,,2525.19,,,,,1.0,,,2503.99,2670.82,2468.69,202.1300000000001,2591.9893,2549.542,2517.2012,2622.3088000000002,1
2533.93,2533.93,,,,,,1.0,,,2503.99,2670.82,2468.69,202.1300000000001,2591.9893,2549.542,2517.2012,2622.3088000000002,1
2533.89,,,,,,,1.0,,,2503.99,2670.82,2468.69,202.1300000000001,2591.9893,2549.542,2517.2012,2622.3088000000002,1
2527.07,,,,,,,1.0,,,2503.99,2670.82,2468.69,202.1300000000001,2591.9893,2549.542,2517.2012,2622.3088000000002,1
2495.27,,2495.27,,,,,1.0,,,2503.99,2670.82,2468.69,202.1300000000001,2591.9893,2549.542,2517.2012,2622.3088000000002,0
2514.34,2514.34,,,,,,1.0,,,2503.99,2670.82,2468.69,202.1300000000001,2591.9893,2549.542,2517.2012,2622.3088000000002,0
2494.21,,2494.21,,,,,1.0,,,2503.99,2670.82,2468.69,202.1300000000001,2591.9893,2549.542,2517.2012,2622.3088000000002,0
2503.12,,,,,,,1.0,,,2503.99,2670.82,2468.69,202.1300000000001,2591.9893,2549.542,2517.2012,2622.3088000000002,0
2506.12,,,,,,,1.0,,,2503.99,2670.82,2468.69,202.1300000000001,2591.9893,2549.542,2517.2012,2622.3088000000002,0
2509.88,2509.88,,,,,,1.0,,,2503.99,2670.82,2468.69,202.1300000000001,2591.9893,2549.542,2517.2012,2622.3088000000002,0
2500.71,,,,,,,1.0,,,2503.99,2670.82,2468.69,202.1300000000001,2591.9893,2549.542,2517.2012,2622.3088000000002,0
2497.26,,,,,,,1.0,,,2503.99,2670.82,2468.69,202.1300000000001,2591.9893,2549.542,2517.2012,2622.3088000000002,0
2475.83,,2475.83,,2475.83,,,1.0,,,2503.99,2670.82,2468.69,202.1300000000001,2591.9893,2549.542,2517.2012,2622.3088000000002,0
2492.94,,,,,,,1.0,,,2503.99,2670.82,2468.69,202.1300000000001,2591.9893,2549.542,2517.2012,2622.3088000000002,0
2529.37,,,,,,,1.0,,,2503.99,2670.82,2468.69,202.1300000000001,2591.9893,2549.542,2517.2012,2622.3088000000002,1
2529.62,2529.62,,,,,,1.0,,,2503.99,2670.82,2468.69,202.1300000000001,2591.9893,2549.542,2517.2012,2622.3088000000002,1
2526.16,,,,,,,1.0,,,2503.99,2670.82,2468.69,202.1300000000001,2591.9893,2549.542,2517.2012,2622.3088000000002,1
2525.54,,2525.54,,,,,1.0,,,2503.99,2670.82,2468.69,202.1300000000001,2591.9893,2549.542,2517.2012,2622.3088000000002,1
2530.29,2530.29,,2530.29,,,,1.0,,,2503.99,2670.82,2468.69,202.1300000000001,2591.9893,2549.542,2517.2012,2622.3088000000002,1
2515.6,,,,,,,1.0,,,2503.99,2670.82,2468.69,202.1300000000001,2591.9893,2549.542,2517.2012,2622.3088000000002,0
2515.06,,2515.06,,2515.06,,,1.0,,,2503.99,2670.82,2468.69,202.1300000000001,2591.9893,2549.542,2517.2012,2622.3088000000002,0
2526.0,2526.0,,,,,,1.0,,,2503.99,2670.82,2468.69,202.1300000000001,2591.9893,2549.542,2517.2012,2622.3088000000002,1
2525.14,,,,,,,1.0,,,2503.99,2670.82,2468.69,202.1300000000001,2591.9893,2549.542,2517.2012,2622.3088000000002,1
2522.62,,,,,,,1.0,,,2503.99,2670.82,2468.69,202.1300000000001,2591.9893,2549.542,2517.2012,2622.3088000000002,1
2519.57,,,,,,,1.0,,,2503.99,2670.82,2468.69,202.1300000000001,2591.9893,2549.542,2517.2012,2622.3088000000002,1
2519.17,,2519.17,,,,,1.0,,,2503.99,2670.82,2468.69,202.1300000000001,2591.9893,2549.542,2517.2012,2622.3088000000002,1
2523.96,,,,,,,1.0,,,2503.99,2670.82,2468.69,202.1300000000001,2591.9893,2549.542,2517.2012,2622.3088000000002,1
2538.74,,,,,,,1.0,,,2503.99,2670.82,2468.69,202.1300000000001,2591.9893,2549.542,2517.2012,2622.3088000000002,1
2538.81,2538.81,,2538.81,,,,1.0,,,2503.99,2670.82,2468.69,202.1300000000001,2591.9893,2549.542,2517.2012,2622.3088000000002,1
2532.61,,,,,,,1.0,,,2503.99,2670.82,2468.69,202.1300000000001,2591.9893,2549.542,2517.2012,2622.3088000000002,1
2525.83,,,,,,,1.0,,,2503.99,2670.82,2468.69,202.1300000000001,2591.9893,2549.542,2517.2012,2622.3088000000002,1
2510.18,,,,,,,1.0,,,2503.99,2670.82,2468.69,202.1300000000001,2591.9893,2549.542,2517.2012,2622.3088000000002,0
2497.56,,,,,,,1.0,,,2503.99,2670.82,2468.69,202.1300000000001,2591.9893,2549.542,2517.2012,2622.3088000000002,0
2493.72,,,,,,,1.0,,,2503.99,2670.82,2468.69,202.1300000000001,2591.9893,2549.542,2517.2012,2622.3088000000002,0
2488.42,,2488.42,,2488.42,,2488.42,1.0,,,2503.99,2670.82,2468.69,202.1300000000001,2591.9893,2549.542,2517.2012,2622.3088000000002,0
2508.88,2508.88,,,,,,1.0,,,2503.99,2670.82,2468.69,202.1300000000001,2591.9893,2549.542,2517.2012,2622.3088000000002,0
2505.19,,2505.19,,,,,1.0,,,2503.99,2670.82,2468.69,202.1300000000001,2591.9893,2549.542,2517.2012,2622.3088000000002,0
2505.29,,,,,,,1.0,,,2503.99,2670.82,2468.69,202.1300000000001,2591.9893,2549.542,2517.2012,2622.3088000000002,0
2507.53,,,,,,,1.0,,,2503.99,2670.82,2468.69,202.1300000000001,2591.9893,2549.542,2517.2012,2622.3088000000002,0
2510.55,,,,,,,1.0,,,2503.99,2670.82,2468.69,202.1300000000001,2591.9893,2549.542,2517.2012,2622.3088000000002,0
2524.2,2524.2,,,,,,1.0,,,2503.99,2670.82,2468.69,202.1300000000001,2591.9893,2549.542,2517.2012,2622.3088000000002,1
2521.52,,2521.52,,,,,1.0,,,2503.99,2670.82,2468.69,202.1300000000001,2591.9893,2549.542,2517.2012,2622.3088000000002,1
2526.21,,,,,,,1.0,,,2503.99,2670.82,2468.69,202.1300000000001,2591.9893,2549.542,2517.2012,2622.3088000000002,1
2527.82,2527.82,,,,,,1.0,,,2503.99,2670.82,2468.69,202.1300000000001,2591.9893,2549.542,2517.2012,2622.3088000000002,1
2518.21,,,,,,,1.0,,,2503.99,2670.82,2468.69,202.1300000000001,2591.9893,2549.542,2517.2012,2622.3088000000002,1
2517.66,,,,,,,1.0,,,2503.99,2670.82,2468.69,202.1300000000001,2591.9893,2549.542,2517.2012,2622.3088000000002,1
2504.53,,2504.53,,2504.53,,,1.0,,,2503.99,2670.82,2468.69,202.1300000000001,2591.9893,2549.542,2517.2012,2622.3088000000002,0
2516.1,,,,,,,1.0,,,2503.99,2670.82,2468.69,202.1300000000001,2591.9893,2549.542,2517.2012,2622.3088000000002,0
2521.77,,,,,,,1.0,,,2503.99,2670.82,2468.69,202.1300000000001,2591.9893,2549.542,2517.2012,2622.3088000000002,1
2549.99,,,,,,,1.0,,,2503.99,2670.82,2468.69,202.1300000000001,2591.9893,2549.542,2517.2012,2622.3088000000002,2
2554.06,2554.06,,2554.06,,2554.06,,1.0,,,2503.99,2670.82,2468.69,202.1300000000001,2591.9893,2549.542,2517.2012,2622.3088000000002,2
2553.98,,,,,,,1.0,,,2503.99,2670.82,2468.69,202.1300000000001,2591.9893,2549.542,2517.2012,2622.3088000000002,2
2553.3,,,,,,,1.0,,,2503.99,2670.82,2468.69,202.1300000000001,2591.9893,2549.542,2517.2012,2622.3088000000002,2
2550.29,,2550.29,,,,,1.0,,,2503.99,2670.82,2468.69,202.1300000000001,2591.9893,2549.542,2517.2012,2622.3088000000002,2
2552.45,2552.45,,,,,,1.0,,,2503.99,2670.82,2468.69,202.1300000000001,2591.9893,2549.542,2517.2012,2622.3088000000002,2
2536.67,,,,,,,1.0,,,2503.99,2670.82,2468.69,202.1300000000001,2591.9893,2549.542,2517.2012,2622.3088000000002,1
2490.1,,2490.1,,,,,1.0,,,2503.99,2670.82,2468.69,202.1300000000001,2591.9893,2549.542,2517.2012,2622.3088000000002,0
2490.75,,,,,,,1.0,,,2503.99,2670.82,2468.69,202.1300000000001,2591.9893,2549.542,2517.2012,2622.3088000000002,0
2495.44,2495.44,,,,,,1.0,,,2503.99,2670.82,2468.69,202.1300000000001,2591.9893,2549.542,2517.2012,2622.3088000000002,0
2402.65,,2402.65,,,,,1.0,,,2503.99,2670.82,2402.65,268.1700000000001,2566.2337,2509.918,2467.0108,2606.4592000000002,0
2415.85,,,,,,,1.0,,,2503.99,2670.82,2402.65,268.1700000000001,2566.2337,2509.918,2467.0108,2606.4592000000002,0
2420.5,,,,,,,1.0,,,2503.99,2670.82,2402.65,268.1700000000001,2566.2337,2509.918,2467.0108,2606.4592000000002,0
2429.75,2429.75,,,,,,1.0,,,2503.99,2670.82,2402.65,268.1700000000001,2566.2337,2509.918,2467.0108,2606.4592000000002,0
2417.48,,,,,,,1.0,,,2503.99,2670.82,2402.65,268.1700000000001,2566.2337,2509.918,2467.0108,2606.4592000000002,0
2388.01,,2388.01,,2388.01,,,1.0,,,2503.99,2670.82,2388.01,282.80999999999995,2560.5241,2501.134,2455.8844000000004,2602.9456,0
2405.42,2405.42,,,,,,1.0,,,2503.99,2670.82,2388.01,282.80999999999995,2560.5241,2501.134,2455.8844000000004,2602.9456,0
2401.94,,2401.94,,,,,1.0,,,2503.99,2670.82,2388.01,282.80999999999995,2560.5241,2501.134,2455.8844000000004,2602.9456,0
2427.28,2427.28,,2427.28,,,,1.0,,,2503.99,2670.82,2388.01,282.80999999999995,2560.5241,2501.134,2455.8844000000004,2602.9456,0
2423.59,,2423.59,,,,,1.0,,,2503.99,2670.82,2388.01,282.80999999999995,2560.5241,2501.134,2455.8844000000004,2602.9456,0
2426.13,2426.13,,,,,,1.0,,,2503.99,2554.06,2388.01,166.04999999999973,2489.3005000000003,2454.4300000000003,2427.862,2514.208,0
2423.59,,2423.59,,,,,-1.0,,,2554.06,2554.06,2388.01,166.04999999999973,2489.3005000000003,2454.4300000000003,2427.862,2514.208,0
2424.64,,,,,,,-1.0,,,2554.06,2554.06,2388.01,166.04999999999973,2489.3005000000003,2454.4300000000003,2427.862,2514.208,0
2425.44,,,,,,,-1.0,,,2554.06,2554.06,2388.01,166.04999999999973,2489.3005000000003,2454.4300000000003,2427.862,2514.208,0
2427.55,,,,,,,-1.0,,,2554.06,2554.06,2388.01,166.04999999999973,2489.3005000000003,2454.4300000000003,2427.862,2514.208,0
2442.15,,,,,,,-1.0,,,2554.06,2554.06,2388.01,166.04999999999973,2489.3005000000003,2454.4300000000003,2427.862,2514.208,1
2445.36,2445.36,,2445.36,,2445.36,,-1.0,,,2554.06,2554.06,2388.01,166.04999999999973,2489.3005000000003,2454.4300000000003,2427.862,2514.208,1
2439.4,,2439.4,,,,,-1.0,,,2554.06,2554.06,2388.01,166.04999999999973,2489.3005000000003,2454.4300000000003,2427.862,2514.208,1
2443.16,2443.16,,,,,,-1.0,,,2554.06,2554.06,2388.01,166.04999999999973,2489.3005000000003,2454.4300000000003,2427.862,2514.208,1
2436.26,,,,,,,-1.0,,,2554.06,2554.06,2388.01,166.04999999999973,2489.3005000000003,2454.4300000000003,2427.862,2514.208,1
2420.91,,,,,,,-1.0,,,2554.06,2554.06,2388.01,166.04999999999973,2489.3005000000003,2454.4300000000003,2427.862,2514.208,0
2419.95,,2419.95,,,,,-1.0,,,2554.06,2554.06,2388.01,166.04999999999973,2489.3005000000003,2454.4300000000003,2427.862,2514.208,0
2424.09,2424.09,,,,,,-1.0,,,2554.06,2554.06,2388.01,166.04999999999973,2489.3005000000003,2454.4300000000003,2427.862,2514.208,0
2416.81,,,,,,,-1.0,,,2554.06,2554.06,2388.01,166.04999999999973,2489.3005000000003,2454.4300000000003,2427.862,2514.208,0
2399.69,,2399.69,,,,,-1.0,,,2554.06,2554.06,2388.01,166.04999999999973,2489.3005000000003,2454.4300000000003,2427.862,2514.208,0
2401.86,2401.86,,,,,,-1.0,,,2554.06,2554.06,2388.01,166.04999999999973,2489.3005000000003,2454.4300000000003,2427.862,2514.208,0
2386.01,,2386.01,,,,,-1.0,,,2554.06,2554.06,2386.01,168.04999999999973,2488.5205,2453.23,2426.342,2513.728,0
2404.04,2404.04,,2404.04,,,,-1.0,,,2554.06,2554.06,2386.01,168.04999999999973,2488.5205,2453.23,2426.342,2513.728,0
2283.02,,2283.02,,,,,-1.0,,,2554.06,2554.06,2283.02,271.03999999999996,2448.3544,2391.436,2348.0696,2489.0104,0
2296.03,2296.03,,,,,,-1.0,,,2554.06,2554.06,2283.02,271.03999999999996,2448.3544,2391.436,2348.0696,2489.0104,0
2269.26,,2269.26,,,,,-1.0,,,2554.06,2554.06,2269.26,284.7999999999997,2442.9880000000003,2383.1800000000003,2337.612,2485.708,0
2295.57,2295.57,,,,,,-1.0,,,2554.06,2554.06,2269.26,284.7999999999997,2442.9880000000003,2383.1800000000003,2337.612,2485.708,0
2267.41,,,,,,,-1.0,,,2554.06,2554.06,2267.41,286.6500000000001,2442.2664999999997,2382.0699999999997,2336.2059999999997,2485.264,0
2266.25,,,,,,,-1.0,,,2554.06,2554.06,2266.25,287.80999999999995,2441.8141,2381.374,2335.3244,2484.9856,0
2265.49,,2265.49,,2265.49,,,-1.0,,,2554.06,2554.06,2265.49,288.57000000000016,2441.5177,2380.9179999999997,2334.7468,2484.8032,0
2282.77,,,,,,,-1.0,,,2554.06,2554.06,2265.49,288.57000000000016,2441.5177,2380.9179999999997,2334.7468,2484.8032,0
2289.6,2289.6,,,,,,-1.0,,,2554.06,2554.06,2265.49,288.57000000000016,2441.5177,2380.9179999999997,2334.7468,2484.8032,0
2287.96,,,,,,,-1.0,,,2554.06,2554.06,2265.49,288.57000000000016,2441.5177,2380.9179999999997,2334.7468,2484.8032,0
2271.2,,2271.2,,,,,-1.0,,,2554.06,2554.06,2265.49,288.57000000000016,2441.5177,2380.9179999999997,2334.7468,2484.8032,0
2275.4,2275.4,,,,,,-1.0,,,2554.06,2554.06,2265.49,288.57000000000016,2441.5177,2380.9179999999997,2334.7468,2484.8032,0
2242.88,,2242.88,,,,,-1.0,,,2554.06,2554.06,2242.88,311.17999999999984,2432.6998,2367.352,2317.5632,2479.3768,0
2260.17,,,,,,,-1.0,,,2554.06,2554.06,2242.88,311.17999999999984,2432.6998,2367.352,2317.5632,2479.3768,0
2274.17,,,,,,,-1.0,,,2554.06,2554.06,2242.88,311.17999999999984,2432.6998,2367.352,2317.5632,2479.3768,0
2280.51,2280.51,,2280.51,,,,-1.0,,,2554.06,2554.06,2242.88,311.17999999999984,2432.6998,2367.352,2317.5632,2479.3768,0
2200.65,,2200.65,,,,,-1.0,,,2554.06,2554.06,2200.65,353.40999999999985,2416.2300999999998,2342.014,2285.4684,2469.2416,0
2201.68,2201.68,,,,,,-1.0,,,2554.06,2554.06,2200.65,353.40999999999985,2416.2300999999998,2342.014,2285.4684,2469.2416,0
2175.44,,2175.44,,2175.44,,2175.44,-1.0,2175.44,,2554.06,2554.06,2175.44,378.6199999999999,2406.3982,2326.888,2266.3088,2463.1912,0
2197.52,2197.52,,,,,,-1.0,,,2554.06,2554.06,2175.44,378.6199999999999,2406.3982,2326.888,2266.3088,2463.1912,0
2193.2,,,,,,,-1.0,,,2554.06,2554.06,2175.44,378.6199999999999,2406.3982,2326.888,2266.3088,2463.1912,0
2183.57,,2183.57,,,,,-1.0,,,2554.06,2554.06,2175.44,378.6199999999999,2406.3982,2326.888,2266.3088,2463.1912,0
2184.72,,,,,,,-1.0,,,2554.06,2554.06,2175.44,378.6199999999999,2406.3982,2326.888,2266.3088,2463.1912,0
2188.55,2188.55,,,,,,-1.0,,,2554.06,2554.06,2175.44,378.6199999999999,2406.3982,2326.888,2266.3088,2463.1912,0
2179.66,,2179.66,,2179.66,,,-1.0,,,2554.06,2554.06,2175.44,378.6199999999999,2406.3982,2326.888,2266.3088,2463.1912,0
2234.84,2234.84,,,,,,-1.0,,,2554.06,2554.06,2175.44,378.6199999999999,2406.3982,2326.888,2266.3088,2463.1912,0
2228.46,,2228.46,,,,,-1.0,,,2554.06,2554.06,2175.44,378.6199999999999,2406.3982,2326.888,2266.3088,2463.1912,0
2242.0,,,,,,,-1.0,,,2554.06,2554.06,2175.44,378.6199999999999,2406.3982,2326.888,2266.3088,2463.1912,0
2246.93,2246.93,,,,,,-1.0,,,2554.06,2554.06,2175.44,378.6199999999999,2406.3982,2326.888,2266.3088,2463.1912,0
2239.88,,,,,,,-1.0,,,2554.06,2554.06,2175.44,378.6199999999999,2406.3982,2326.888,2266.3088,2463.1912,0
2235.54,,,,,,,-1.0,,,2554.06,2554.06,2175.44,378.6199999999999,2406.3982,2326.888,2266.3088,2463.1912,0
2234.65,,2234.65,,,,,-1.0,,,2554.06,2554.06,2175.44,378.6199999999999,2406.3982,2326.888,2266.3088,2463.1912,0
2247.47,,,,,,,-1.0,,,2554.06,2554.06,2175.44,378.6199999999999,2406.3982,2326.888,2266.3088,2463.1912,0
2251.87,,,,,,,-1.0,,,2554.06,2554.06,2175.44,378.6199999999999,2406.3982,2326.888,2266.3088,2463.1912,0
2259.86,,,,,,,-1.0,,,2554.06,2554.06,2175.44,378.6199999999999,2406.3982,2326.888,2266.3088,2463.1912,0
2262.95,2262.95,,,,,,-1.0,,,2554.06,2554.06,2175.44,378.6199999999999,2406.3982,2326.888,2266.3088,2463.1912,0
2253.04,,,,,,,-1.0,,,2554.06,2554.06,2175.44,378.6199999999999,2406.3982,2326.888,2266.3088,2463.1912,0
2248.1,,2248.1,,,,,-1.0,,,2554.06,2554.06,2175.44,378.6199999999999,2406.3982,2326.888,2266.3088,2463.1912,0
2254.36,,,,,,,-1.0,,,2554.06,2554.06,2175.44,378.6199999999999,2406.3982,2326.888,2266.3088,2463.1912,0
2267.36,,,,,,,-1.0,,,2554.06,2554.06,2175.44,378.6199999999999,2406.3982,2326.888,2266.3088,2463.1912,1
2295.98,2295.98,,,,,,-1.0,,,2554.06,2554.06,2175.44,378.6199999999999,2406.3982,2326.888,2266.3088,2463.1912,1
2275.29,,,,,,,-1.0,,,2554.06,2554.06,2175.44,378.6199999999999,2406.3982,2326.888,2266.3088,2463.1912,1
2249.57,,,,,,,-1.0,,,2554.06,2554.06,2175.44,378.6199999999999,2406.3982,2326.888,2266.3088,2463.1912,0
2222.99,,2222.99,,2222.99,,,-1.0,,,2554.06,2554.06,2175.44,378.6199999999999,2406.3982,2326.888,2266.3088,2463.1912,0
2282.22,,,,,,,-1.0,,,2554.06,2554.06,2175.44,378.6199999999999,2406.3982,2326.888,2266.3088,2463.1912,1
2296.8,,,,,,,-1.0,,,2554.06,2554.06,2175.44,378.6199999999999,2406.3982,2326.888,2266.3088,2463.1912,1
2302.85,,,,,,,-1.0,,,2554.06,2554.06,2175.44,378.6199999999999,2406.3982,2326.888,2266.3088,2463.1912,1
2314.55,,,,,,,-1.0,,,2554.06,2554.06,2175.44,378.6199999999999,2406.3982,2326.888,2266.3088,2463.1912,1
2352.82,,,,,,,-1.0,,,2554.06,2554.06,2175.44,378.6199999999999,2406.3982,2326.888,2266.3088,2463.1912,2
2409.79,,,,,,,-1.0,,,2554.06,2554.06,2175.44,378.6199999999999,2406.3982,2326.888,2266.3088,2463.1912,3
2413.0,2413.0,,,,,,-1.0,,,2554.06,2554.06,2175.44,378.6199999999999,2406.3982,2326.888,2266.3088,2463.1912,3
2409.12,,2409.12,,,,,-1.0,,,2554.06,2554.06,2175.44,378.6199999999999,2406.3982,2326.888,2266.3088,2463.1912,3
2415.83,2415.83,,,,,,-1.0,,,2554.06,2554.06,2175.44,378.6199999999999,2406.3982,2326.888,2266.3088,2463.1912,3
2393.66,,2393.66,,2393.66,,,-1.0,,,2554.06,2554.06,2175.44,378.6199999999999,2406.3982,2326.888,2266.3088,2463.1912,2
2400.61,,,,,,,-1.0,,,2554.06,2554.06,2175.44,378.6199999999999,2406.3982,2326.888,2266.3088,2463.1912,2
2405.41,,,,,,,-1.0,,,2554.06,2554.06,2175.44,378.6199999999999,2406.3982,2326.888,2266.3088,2463.1912,2
2421.71,,,,,,,-1.0,,,2554.06,2554.06,2175.44,378.6199999999999,2406.3982,2326.888,2266.3088,2463.1912,3
2427.66,2427.66,,2427.66,,,,-1.0,,,2554.06,2554.06,2175.44,378.6199999999999,2406.3982,2326.888,2266.3088,2463.1912,3
2394.76,,2394.76,,,,,-1.0,,,2554.06,2554.06,2175.44,378.6199999999999,2406.3982,2326.888,2266.3088,2463.1912,2
2405.24,,,,,,,-1.0,,,2554.06,2554.06,2175.44,378.6199999999999,2406.3982,2326.888,2266.3088,2463.1912,2
2417.3,2417.3,,,,,,-1.0,,,2554.06,2554.06,2175.44,378.6199999999999,2406.3982,2326.888,2266.3088,2463.1912,3
2415.73,,,,,,,-1.0,,,2554.06,2554.06,2175.44,378.6199999999999,2406.3982,2326.888,2266.3088,2463.1912,3
2411.19,,2411.19,,,,,-1.0,,,2554.06,2554.06,2175.44,378.6199999999999,2406.3982,2326.888,2266.3088,2463.1912,3
2415.43,,,,,,,-1.0,,,2554.06,2554.06,2175.44,378.6199999999999,2406.3982,2326.888,2266.3088,2463.1912,3
2423.05,,,,,,,-1.0,,,2554.06,2554.06,2175.44,378.6199999999999,2406.3982,2326.888,2266.3088,2463.1912,3
2432.45,,,,,,,-1.0,,,2554.06,2554.06,2175.44,378.6199999999999,2406.3982,2326.888,2266.3088,2463.1912,3
2441.04,,,,,,,-1.0,,,2554.06,2554.06,2175.44,378.6199999999999,2406.3982,2326.888,2266.3088,2463.1912,3
2480.59,2480.59,,2480.59,,2480.59,,-1.0,,,2554.06,2554.06,2175.44,378.6199999999999,2406.3982,2326.888,2266.3088,2463.1912,4
2458.91,,,,,,,-1.0,,,2554.06,2554.06,2175.44,378.6199999999999,2406.3982,2326.888,2266.3088,2463.1912,3
2436.85,,,,,,,-1.0,,,2554.06,2554.06,2175.44,378.6199999999999,2406.3982,2326.888,2266.3088,2463.1912,3
2435.97,,2435.97,,,,,-1.0,,,2554.06,2554.06,2175.44,378.6199999999999,2406.3982,2326.888,2266.3088,2463.1912,3
2450.35,2450.35,,,,,,-1.0,,,2554.06,2554.06,2175.44,378.6199999999999,2406.3982,2326.888,2266.3088,2463.1912,3
2446.38,,,,,,,-1.0,,,2554.06,2554.06,2175.44,378.6199999999999,2406.3982,2326.888,2266.3088,2463.1912,3
2442.68,,2442.68,,,,,-1.0,,,2554.06,2554.06,2175.44,378.6199999999999,2406.3982,2326.888,2266.3088,2463.1912,3
2449.87,,,,,,,-1.0,,,2554.06,2554.06,2175.44,378.6199999999999,2406.3982,2326.888,2266.3088,2463.1912,3
2459.8,,,,,,,-1.0,,,2554.06,2554.06,2175.44,378.6199999999999,2406.3982,2326.888,2266.3088,2463.1912,3
2462.27,2462.27,,2462.27,,,,-1.0,,,2554.06,2554.06,2175.44,378.6199999999999,2406.3982,2326.888,2266.3088,2463.1912,3
2457.03,,,,,,,-1.0,,,2554.06,2554.06,2175.44,378.6199999999999,2406.3982,2326.888,2266.3088,2463.1912,3
2445.76,,,,,,,-1.0,,,2554.06,2554.06,2175.44,378.6199999999999,2406.3982,2326.888,2266.3088,2463.1912,3
2436.87,,,,,,,-1.0,,,2554.06,2554.06,2175.44,378.6199999999999,2406.3982,2326.888,2266.3088,2463.1912,3
2430.71,,2430.71,,,,,-1.0,,,2554.06,2554.06,2175.44,378.6199999999999,2406.3982,2326.888,2266.3088,2463.1912,3
2446.07,2446.07,,,,,,-1.0,,,2554.06,2480.59,2175.44,305.1500000000001,2361.5815000000002,2297.5,2248.676,2407.3540000000003,4
2446.02,,,,,,,-1.0,,,2554.06,2480.59,2175.44,305.1500000000001,2361.5815000000002,2297.5,2248.676,2407.3540000000003,4
2440.9,,,,,,,-1.0,,,2554.06,2480.59,2175.44,305.1500000000001,2361.5815000000002,2297.5,2248.676,2407.3540000000003,4
2421.91,,2421.91,,2421.91,,,-1.0,,,2554.06,2480.59,2175.44,305.1500000000001,2361.5815000000002,2297.5,2248.676,2407.3540000000003,4
2427.87,,,,,,,-1.0,,,2554.06,2480.59,2175.44,305.1500000000001,2361.5815000000002,2297.5,2248.676,2407.3540000000003,4
2430.48,2430.48,,,,,,-1.0,,,2554.06,2480.59,2175.44,305.1500000000001,2361.5815000000002,2297.5,2248.676,2407.3540000000003,4
2430.21,,2430.21,,,,,-1.0,,,2554.06,2480.59,2175.44,305.1500000000001,2361.5815000000002,2297.5,2248.676,2407.3540000000003,4
2436.37,2436.37,,2436.37,,,,-1.0,,,2554.06,2480.59,2175.44,305.1500000000001,2361.5815000000002,2297.5,2248.676,2407.3540000000003,4
2433.73,,,,,,,-1.0,,,2554.06,2480.59,2175.44,305.1500000000001,2361.5815000000002,2297.5,2248.676,2407.3540000000003,4
2407.13,,2407.13,,2407.13,,2407.13,-1.0,,,2554.06,2480.59,2175.44,305.1500000000001,2361.5815000000002,2297.5,2248.676,2407.3540000000003,3
2412.04,,,,,,,-1.0,,,2554.06,2480.59,2175.44,305.1500000000001,2361.5815000000002,2297.5,2248.676,2407.3540000000003,4
2424.01,2424.01,,,,,,-1.0,,,2554.06,2480.59,2175.44,305.1500000000001,2361.5815000000002,2297.5,2248.676,2407.3540000000003,4
2419.7,,2419.7,,,,,-1.0,,,2554.06,2480.59,2175.44,305.1500000000001,2361.5815000000002,2297.5,2248.676,2407.3540000000003,4
2434.28,,,,,,,-1.0,,,2554.06,2480.59,2175.44,305.1500000000001,2361.5815000000002,2297.5,2248.676,2407.3540000000003,4
2440.26,2440.26,,,,,,-1.0,,,2554.06,2480.59,2175.44,305.1500000000001,2361.5815000000002,2297.5,2248.676,2407.3540000000003,4
2432.2,,,,,,,-1.0,,,2554.06,2480.59,2175.44,305.1500000000001,2361.5815000000002,2297.5,2248.676,2407.3540000000003,4
2417.49,,2417.49,,2417.49,,,-1.0,,,2554.06,2480.59,2175.44,305.1500000000001,2361.5815000000002,2297.5,2248.676,2407.3540000000003,4
2420.09,,,,,,,-1.0,,,2554.06,2480.59,2175.44,305.1500000000001,2361.5815000000002,2297.5,2248.676,2407.3540000000003,4
2428.1,,,,,,,-1.0,,,2554.06,2480.59,2175.44,305.1500000000001,2361.5815000000002,2297.5,2248.676,2407.3540000000003,4
2460.71,,,,,,,-1.0,,,2554.06,2480.59,2175.44,305.1500000000001,2361.5815000000002,2297.5,2248.676,2407.3540000000003,4
2494.33,2494.33,,2494.33,,2494.33,,-1.0,,2494.33,2554.06,2494.33,2175.44,318.8899999999999,2369.9629,2302.996,2251.9736,2417.7964,4
2490.47,,,,,,,-1.0,,,2554.06,2494.33,2175.44,318.8899999999999,2369.9629,2302.996,2251.9736,2417.7964,4
2481.64,,,,,,,-1.0,,,2554.06,2494.33,2175.44,318.8899999999999,2369.9629,2302.996,2251.9736,2417.7964,4
2477.07,,2477.07,,,,,-1.0,,,2554.06,2494.33,2175.44,318.8899999999999,2369.9629,2302.996,2251.9736,2417.7964,4
2488.51,,,,,,,-1.0,,,2407.13,2494.33,2175.44,318.8899999999999,2369.9629,2302.996,2251.9736,2417.7964,4
2491.35,2491.35,,,,,,-1.0,,,2407.13,2494.33,2175.44,318.8899999999999,2369.9629,2302.996,2251.9736,2417.7964,4
2488.1,,,,,,,-1.0,,,2407.13,2494.33,2175.44,318.8899999999999,2369.9629,2302.996,2251.9736,2417.7964,4
2464.76,,,,,,,-1.0,,,2407.13,2494.33,2175.44,318.8899999999999,2369.9629,2302.996,2251.9736,2417.7964,4
2452.13,,,,,,,-1.0,,,2407.13,2494.33,2175.44,318.8899999999999,2369.9629,2302.996,2251.9736,2417.7964,4
2451.48,,,,,,,-1.0,,,2407.13,2494.33,2175.44,318.8899999999999,2369.9629,2302.996,2251.9736,2417.7964,4
2441.24,,,,,,,-1.0,,,2407.13,2494.33,2175.44,318.8899999999999,2369.9629,2302.996,2251.9736,2417.7964,4
2434.33,,2434.33,,,,,-1.0,,,2407.13,2494.33,2175.44,318.8899999999999,2369.9629,2302.996,2251.9736,2417.7964,4
2447.74,2447.74,,,,,,-1.0,,,2407.13,2494.33,2175.44,318.8899999999999,2369.9629,2302.996,2251.9736,2417.7964,4
2434.51,,,,,,,-1.0,,,2407.13,2494.33,2175.44,318.8899999999999,2369.9629,2302.996,2251.9736,2417.7964,4
2425.48,,,,,,,-1.0,,,2407.13,2494.33,2175.44,318.8899999999999,2369.9629,2302.996,2251.9736,2417.7964,4
2421.87,,2421.87,,,,,-1.0,,,2407.13,2494.33,2175.44,318.8899999999999,2369.9629,2302.996,2251.9736,2417.7964,4
2426.35,,,,,,,-1.0,,,2407.13,2494.33,2175.44,318.8899999999999,2369.9629,2302.996,2251.9736,2417.7964,4
2436.56,,,,,,,-1.0,,,2407.13,2494.33,2175.44,318.8899999999999,2369.9629,2302.996,2251.9736,2417.7964,4
2446.66,2446.66,,,,,,-1.0,,,2407.13,2494.33,2175.44,318.8899999999999,2369.9629,2302.996,2251.9736,2417.7964,4
2415.6,,,,,,,-1.0,,,2407.13,2494.33,2175.44,318.8899999999999,2369.9629,2302.996,2251.9736,2417.7964,3
2413.8,,2413.8,,,,,-1.0,,,2407.13,2494.33,2175.44,318.8899999999999,2369.9629,2302.996,2251.9736,2417.7964,3
2418.29,2418.29,,,,,,-1.0,,,2407.13,2494.33,2175.44,318.8899999999999,2369.9629,2302.996,2251.9736,2417.7964,4
2401.68,,2401.68,,2401.68,,,-1.0,,,2407.13,2494.33,2175.44,318.8899999999999,2369.9629,2302.996,2251.9736,2417.7964,3
2427.71,,,,,,,-1.0,,,2407.13,2494.33,2175.44,318.8899999999999,2369.9629,2302.996,2251.9736,2417.7964,4
2439.0,,,,,,,-1.0,,,2407.13,2494.33,2175.44,318.8899999999999,2369.9629,2302.996,2251.9736,2417.7964,4
2448.02,,,,,,,-1.0,,,2407.13,2494.33,2175.44,318.8899999999999,2369.9629,2302.996,2251.9736,2417.7964,4
2450.98,2450.98,,2450.98,,,,-1.0,,,2407.13,2494.33,2175.44,318.8899999999999,2369.9629,2302.996,2251.9736,2417.7964,4
2440.54,,2440.54,,,,,-1.0,,,2407.13,2494.33,2175.44,318.8899999999999,2369.9629,2302.996,2251.9736,2417.7964,4
2449.8,2449.8,,,,,,-1.0,,,2407.13,2494.33,2401.68,92.65000000000009,2458.1965,2438.74,2423.9159999999997,2472.094,2
2443.46,,2443.46,,,,,-1.0,,,2407.13,2494.33,2401.68,92.65000000000009,2458.1965,2438.74,2423.9159999999997,2472.094,2
2449.5,,,,,,,-1.0,,,2407.13,2494.33,2401.68,92.65000000000009,2458.1965,2438.74,2423.9159999999997,2472.094,2
2461.84,2461.84,,2461.84,,2461.84,,-1.0,,,2407.13,2494.33,2401.68,92.65000000000009,2458.1965,2438.74,2423.9159999999997,2472.094,3
2447.02,,2447.02,,,,,-1.0,,,2407.13,2494.33,2401.68,92.65000000000009,2458.1965,2438.74,2423.9159999999997,2472.094,2
2448.05,2448.05,,,,,,-1.0,,,2407.13,2494.33,2401.68,92.65000000000009,2458.1965,2438.74,2423.9159999999997,2472.094,2
2430.85,,,,,,,-1.0,,,2407.13,2494.33,2401.68,92.65000000000009,2458.1965,2438.74,2423.9159999999997,2472.094,1
2429.53,,,,,,,-1.0,,,2407.13,2494.33,2401.68,92.65000000000009,2458.1965,2438.74,2423.9159999999997,2472.094,1
2424.07,,2424.07,,,,,-1.0,,,2407.13,2494.33,2401.68,92.65000000000009,2458.1965,2438.74,2423.9159999999997,2472.094,1
2439.86,2439.86,,,,,,-1.0,,,2407.13,2494.33,2401.68,92.65000000000009,2458.1965,2438.74,2423.9159999999997,2472.094,2
2434.22,,,,,,,-1.0,,,2407.13,2494.33,2401.68,92.65000000000009,2458.1965,2438.74,2423.9159999999997,2472.094,1
2405.57,,,,,,,-1.0,,,2407.13,2494.33,2401.68,92.65000000000009,2458.1965,2438.74,2423.9159999999997,2472.094,0
2396.07,,2396.07,,2396.07,,2396.07,-1.0,2396.07,,2407.13,2494.33,2396.07,98.25999999999976,2456.0086,2435.3740000000003,2419.6524,2470.7476,0
2414.17,,,,,,,-1.0,,,2407.13,2494.33,2396.07,98.25999999999976,2456.0086,2435.3740000000003,2419.6524,2470.7476,0
2427.59,2427.59,,,,,,-1.0,,,2407.13,2494.33,2396.07,98.25999999999976,2456.0086,2435.3740000000003,2419.6524,2470.7476,1
2420.64,,2420.64,,,,,-1.0,,,2407.13,2494.33,2396.07,98.25999999999976,2456.0086,2435.3740000000003,2419.6524,2470.7476,1
2423.74,,,,,,,-1.0,,,2407.13,2494.33,2396.07,98.25999999999976,2456.0086,2435.3740000000003,2419.6524,2470.7476,1
2424.2,2424.2,,,,,,-1.0,,,2407.13,2494.33,2396.07,98.25999999999976,2456.0086,2435.3740000000003,2419.6524,2470.7476,1
2419.22,,,,,,,-1.0,,,2407.13,2494.33,2396.07,98.25999999999976,2456.0086,2435.3740000000003,2419.6524,2470.7476,0
2419.02,,2419.02,,2419.02,,,-1.0,,,2407.13,2494.33,2396.07,98.25999999999976,2456.0086,2435.3740000000003,2419.6524,2470.7476,0
2419.99,,,,,,,-1.0,,,2407.13,2494.33,2396.07,98.25999999999976,2456.0086,2435.3740000000003,2419.6524,2470.7476,1
2421.92,,,,,,,-1.0,,,2407.13,2494.33,2396.07,98.25999999999976,2456.0086,2435.3740000000003,2419.6524,2470.7476,1
2422.25,,,,,,,-1.0,,,2407.13,2494.33,2396.07,98.25999999999976,2456.0086,2435.3740000000003,2419.6524,2470.7476,1
2423.48,,,,,,,-1.0,,,2407.13,2494.33,2396.07,98.25999999999976,2456.0086,2435.3740000000003,2419.6524,2470.7476,1
2428.56,,,,,,,-1.0,,,2407.13,2494.33,2396.07,98.25999999999976,2456.0086,2435.3740000000003,2419.6524,2470.7476,1
2432.83,2432.83,,2432.83,,,,-1.0,,,2407.13,2494.33,2396.07,98.25999999999976,2456.0086,2435.3740000000003,2419.6524,2470.7476,1
2425.76,,2425.76,,,,,-1.0,,,2407.13,2494.33,2396.07,98.25999999999976,2456.0086,2435.3740000000003,2419.6524,2470.7476,1
2428.26,2428.26,,,,,,-1.0,,,2396.07,2494.33,2396.07,98.25999999999976,2456.0086,2435.3740000000003,2419.6524,2470.7476,1
2427.48,,2427.48,,,,,-1.0,,,2461.84,2494.33,2396.07,98.25999999999976,2456.0086,2435.3740000000003,2419.6524,2470.7476,1
2428.49,2428.49,,,,,,-1.0,,,2461.84,2494.33,2396.07,98.25999999999976,2456.0086,2435.3740000000003,2419.6524,2470.7476,1
2427.42,,,,,,,-1.0,,,2461.84,2494.33,2396.07,98.25999999999976,2456.0086,2435.3740000000003,2419.6524,2470.7476,1
2424.25,,2424.25,,2424.25,,,-1.0,,,2461.84,2494.33,2396.07,98.25999999999976,2456.0086,2435.3740000000003,2419.6524,2470.7476,1
2427.27,,,,,,,-1.0,,,2461.84,2494.33,2396.07,98.25999999999976,2456.0086,2435.3740000000003,2419.6524,2470.7476,1
2437.31,2437.31,,,,,,-1.0,,,2461.84,2494.33,2396.07,98.25999999999976,2456.0086,2435.3740000000003,2419.6524,2470.7476,2
2436.22,,2436.22,,,,,-1.0,,,2461.84,2494.33,2396.07,98.25999999999976,2456.0086,2435.3740000000003,2419.6524,2470.7476,2
2445.16,2445.16,,2445.16,,,,-1.0,,,2461.84,2494.33,2396.07,98.25999999999976,2456.0086,2435.3740000000003,2419.6524,2470.7476,2
2438.47,,,,,,,-1.0,,,2461.84,2494.33,2396.07,98.25999999999976,2456.0086,2435.3740000000003,2419.6524,2470.7476,2
2433.98,,,,,,,-1.0,,,2461.84,2494.33,2396.07,98.25999999999976,2456.0086,2435.3740000000003,2419.6524,2470.7476,1
2430.63,,2430.63,,2430.63,,,-1.0,,,2461.84,2494.33,2396.07,98.25999999999976,2456.0086,2435.3740000000003,2419.6524,2470.7476,1
2437.67,,,,,,,-1.0,,,2461.84,2494.33,2396.07,98.25999999999976,2456.0086,2435.3740000000003,2419.6524,2470.7476,2
2441.44,2441.44,,,,,,-1.0,,,2461.84,2494.33,2396.07,98.25999999999976,2456.0086,2435.3740000000003,2419.6524,2470.7476,2
2437.08,,2437.08,,,,,-1.0,,,2461.84,2494.33,2396.07,98.25999999999976,2456.0086,2435.3740000000003,2419.6524,2470.7476,2
2439.64,2439.64,,,,,,-1.0,,,2461.84,2494.33,2396.07,98.25999999999976,2456.0086,2435.3740000000003,2419.6524,2470.7476,2
2431.0,,2431.0,,,,,-1.0,,,2461.84,2494.33,2396.07,98.25999999999976,2456.0086,2435.3740000000003,2419.6524,2470.7476,1
2433.06,2433.06,,,,,,-1.0,,,2461.84,2494.33,2396.07,98.25999999999976,2456.0086,2435.3740000000003,2419.6524,2470.7476,1
2428.91,,2428.91,,2428.91,,2428.91,-1.0,,,2461.84,2494.33,2396.07,98.25999999999976,2456.0086,2435.3740000000003,2419.6524,2470.7476,1
2430.81,,,,,,,-1.0,,,2461.84,2494.33,2396.07,98.25999999999976,2456.0086,2435.3740000000003,2419.6524,2470.7476,1
2434.69,,,,,,,-1.0,,,2461.84,2494.33,2396.07,98.25999999999976,2456.0086,2435.3740000000003,2419.6524,2470.7476,1
2437.8,,,,,,,-1.0,,,2461.84,2494.33,2396.07,98.25999999999976,2456.0086,2435.3740000000003,2419.6524,2470.7476,2
2441.67,,,,,,,-1.0,,,2461.84,2494.33,2396.07,98.25999999999976,2456.0086,2435.3740000000003,2419.6524,2470.7476,2
2444.59,,,,,,,-1.0,,,2461.84,2494.33,2396.07,98.25999999999976,2456.0086,2435.3740000000003,2419.6524,2470.7476,2
2448.99,,,,,,,-1.0,,,2461.84,2494.33,2396.07,98.25999999999976,2456.0086,2435.3740000000003,2419.6524,2470.7476,2
2457.7,,,,,,,-1.0,,,2461.84,2494.33,2396.07,98.25999999999976,2456.0086,2435.3740000000003,2419.6524,2470.7476,3
2463.15,2463.15,,2463.15,,,,-1.0,,,2461.84,2494.33,2396.07,98.25999999999976,2456.0086,2435.3740000000003,2419.6524,2470.7476,3
2455.88,,,,,,,-1.0,,,2461.84,2494.33,2396.07,98.25999999999976,2456.0086,2435.3740000000003,2419.6524,2470.7476,2
2448.03,,,,,,,-1.0,,,2461.84,2494.33,2396.07,98.25999999999976,2456.0086,2435.3740000000003,2419.6524,2470.7476,2
2441.03,,,,,,,-1.0,,,2461.84,2494.33,2396.07,98.25999999999976,2456.0086,2435.3740000000003,2419.6524,2470.7476,2
2437.84,,2437.84,,,,,-1.0,,,2461.84,2494.33,2396.07,98.25999999999976,2456.0086,2435.3740000000003,2419.6524,2470.7476,2
2439.93,2439.93,,,,,,-1.0,,,2461.84,2494.33,2396.07,98.25999999999976,2456.0086,2435.3740000000003,2419.6524,2470.7476,2
2438.77,,2438.77,,,,,-1.0,,,2461.84,2494.33,2396.07,98.25999999999976,2456.0086,2435.3740000000003,2419.6524,2470.7476,2
2439.19,2439.19,,,,,,-1.0,,,2461.84,2494.33,2396.07,98.25999999999976,2456.0086,2435.3740000000003,2419.6524,2470.7476,2
2438.72,,,,,,,-1.0,,,2461.84,2494.33,2396.07,98.25999999999976,2456.0086,2435.3740000000003,2419.6524,2470.7476,2
2433.1,,,,,,,-1.0,,,2461.84,2494.33,2396.07,98.25999999999976,2456.0086,2435.3740000000003,2419.6524,2470.7476,1
2432.18,,2432.18,,2432.18,,,-1.0,,,2461.84,2494.33,2396.07,98.25999999999976,2456.0086,2435.3740000000003,2419.6524,2470.7476,1
2502.46,2502.46,,,,,,-1.0,,,2461.84,2502.46,2396.07,106.38999999999987,2460.9679,2438.626,2421.6036,2476.9264000000003,4
2501.12,,2501.12,,,,,-1.0,,,2461.84,2502.46,2396.07,106.38999999999987,2460.9679,2438.626,2421.6036,2476.9264000000003,4
2504.47,,,,,,,-1.0,,,2428.91,2504.47,2396.07,108.39999999999964,2462.194,2439.43,2422.0860000000002,2478.4539999999997,4
2511.67,2511.67,,2511.67,,,,-1.0,,,2428.91,2511.67,2396.07,115.59999999999991,2466.5860000000002,2442.31,2423.8140000000003,2483.926,4
2501.98,,,,,,,-1.0,,,2428.91,2511.67,2396.07,115.59999999999991,2466.5860000000002,2442.31,2423.8140000000003,2483.926,4
2500.39,,,,,,,-1.0,,,2428.91,2511.67,2396.07,115.59999999999991,2466.5860000000002,2442.31,2423.8140000000003,2483.926,4
2496.42,,2496.42,,,,,-1.0,,,2428.91,2511.67,2396.07,115.59999999999991,2466.5860000000002,2442.31,2423.8140000000003,2483.926,4
2503.63,2503.63,,,,,,-1.0,,,2428.91,2511.67,2396.07,115.59999999999991,2466.5860000000002,2442.31,2423.8140000000003,2483.926,4
2465.25,,2465.25,,,,,-1.0,,,2428.91,2511.67,2396.07,115.59999999999991,2466.5860000000002,2442.31,2423.8140000000003,2483.926,2
2481.06,2481.06,,,,,,-1.0,,,2428.91,2511.67,2396.07,115.59999999999991,2466.5860000000002,2442.31,2423.8140000000003,2483.926,3
2469.13,,,,,,,-1.0,,,2428.91,2511.67,2396.07,115.59999999999991,2466.5860000000002,2442.31,2423.8140000000003,2483.926,3
2452.45,,2452.45,,,,,-1.0,,,2428.91,2511.67,2396.07,115.59999999999991,2466.5860000000002,2442.31,2423.8140000000003,2483.926,2
2457.0,,,,,,,-1.0,,,2428.91,2511.67,2396.07,115.59999999999991,2466.5860000000002,2442.31,2423.8140000000003,2483.926,2
2459.0,,,,,,,-1.0,,,2428.91,2511.67,2396.07,115.59999999999991,2466.5860000000002,2442.31,2423.8140000000003,2483.926,2
2460.98,,,,,,,-1.0,,,2428.91,2511.67,2396.07,115.59999999999991,2466.5860000000002,2442.31,2423.8140000000003,2483.926,2
2463.21,2463.21,,,,,,-1.0,,,2428.91,2511.67,2396.07,115.59999999999991,2466.5860000000002,2442.31,2423.8140000000003,2483.926,2
2439.1,,2439.1,,2439.1,,,1.0,,,2428.91,2511.67,2396.07,115.59999999999991,2466.5860000000002,2442.31,2423.8140000000003,2483.926,1
2475.33,,,,,,,1.0,,,2428.91,2511.67,2396.07,115.59999999999991,2466.5860000000002,2442.31,2423.8140000000003,2483.926,3
2476.04,,,,,,,1.0,,,2428.91,2511.67,2396.07,115.59999999999991,2466.5860000000002,2442.31,2423.8140000000003,2483.926,3
2488.55,2488.55,,,,,,1.0,,,2428.91,2511.67,2396.07,115.59999999999991,2466.5860000000002,2442.31,2423.8140000000003,2483.926,4
2486.74,,2486.74,,,,,1.0,,,2428.91,2511.67,2396.07,115.59999999999991,2466.5860000000002,2442.31,2423.8140000000003,2483.926,4
2516.47,2516.47,,2516.47,,2516.47,,1.0,,,2428.91,2516.47,2396.07,120.39999999999964,2469.514,2444.23,2424.966,2487.574,4
2503.72,,,,,,,1.0,,,2428.91,2516.47,2396.07,120.39999999999964,2469.514,2444.23,2424.966,2487.574,4
2488.53,,2488.53,,,,,1.0,,,2428.91,2516.47,2396.07,120.39999999999964,2469.514,2444.23,2424.966,2487.574,4
2491.34,2491.34,,,,,,1.0,,,2428.91,2516.47,2396.07,120.39999999999964,2469.514,2444.23,2424.966,2487.574,4
2486.15,,2486.15,,,,,1.0,,,2428.91,2516.47,2396.07,120.39999999999964,2469.514,2444.23,2424.966,2487.574,3
2493.94,2493.94,,2493.94,,,,1.0,,,2428.91,2516.47,2396.07,120.39999999999964,2469.514,2444.23,2424.966,2487.574,4
2489.64,,,,,,,1.0,,,2428.91,2516.47,2396.07,120.39999999999964,2469.514,2444.23,2424.966,2487.574,4
2484.25,,2484.25,,,,,1.0,,,2428.91,2516.47,2396.07,120.39999999999964,2469.514,2444.23,2424.966,2487.574,3
2486.0,2486.0,,,,,,1.0,,,2428.91,2516.47,2396.07,120.39999999999964,2469.514,2444.23,2424.966,2487.574,3
2461.71,,2461.71,,,,,1.0,,,2428.91,2516.47,2396.07,120.39999999999964,2469.514,2444.23,2424.966,2487.574,2
2461.9,2461.9,,,,,,1.0,,,2428.91,2516.47,2396.07,120.39999999999964,2469.514,2444.23,2424.966,2487.574,2
2460.39,,2460.39,,,,,1.0,,,2428.91,2516.47,2396.07,120.39999999999964,2469.514,2444.23,2424.966,2487.574,2
2466.14,2466.14,,2466.14,,,,1.0,,,2428.91,2516.47,2396.07,120.39999999999964,2469.514,2444.23,2424.966,2487.574,2
2454.11,,2454.11,,,,,1.0,,,2428.91,2516.47,2396.07,120.39999999999964,2469.514,2444.23,2424.966,2487.574,2
2457.73,2457.73,,,,,,1.0,,,2428.91,2516.47,2396.07,120.39999999999964,2469.514,2444.23,2424.966,2487.574,2
2456.64,,,,,,,1.0,,,2428.91,2516.47,2396.07,120.39999999999964,2469.514,2444.23,2424.966,2487.574,2
2450.01,,,,,,,1.0,,,2428.91,2516.47,2396.07,120.39999999999964,2469.514,2444.23,2424.966,2487.574,2
2438.73,,2438.73,,,,,1.0,,,2428.91,2516.47,2396.07,120.39999999999964,2469.514,2444.23,2424.966,2487.574,1
2444.4,2444.4,,,,,,1.0,,,2428.91,2516.47,2396.07,120.39999999999964,2469.514,2444.23,2424.966,2487.574,2
2420.48,,2420.48,,,,,1.0,,,2428.91,2516.47,2396.07,120.39999999999964,2469.514,2444.23,2424.966,2487.574,0
2424.34,,,,,,,1.0,,,2428.91,2516.47,2396.07,120.39999999999964,2469.514,2444.23,2424.966,2487.574,0
2425.26,,,,,,,1.0,,,2428.91,2516.47,2396.07,120.39999999999964,2469.514,2444.23,2424.966,2487.574,1
2433.16,2433.16,,,,,,1.0,,,2428.91,2516.47,2396.07,120.39999999999964,2469.514,2444.23,2424.966,2487.574,1
2410.78,,,,,,,1.0,,,2428.91,2516.47,2396.07,120.39999999999964,2469.514,2444.23,2424.966,2487.574,0
2403.09,,2403.09,,,,,1.0,,,2428.91,2516.47,2396.07,120.39999999999964,2469.514,2444.23,2424.966,2487.574,0
2415.3,2415.3,,,,,,1.0,,,2428.91,2516.47,2396.07,120.39999999999964,2469.514,2444.23,2424.966,2487.574,0
2407.68,,,,,,,1.0,,,2428.91,2516.47,2396.07,120.39999999999964,2469.514,2444.23,2424.966,2487.574,0
2401.41,,2401.41,,,,,1.0,,,2428.91,2516.47,2396.07,120.39999999999964,2469.514,2444.23,2424.966,2487.574,0
2405.32,2405.32,,,,,,1.0,,,2428.91,2516.47,2396.07,120.39999999999964,2469.514,2444.23,2424.966,2487.574,0
2398.83,,2398.83,,2398.83,,2398.83,1.0,,,2428.91,2516.47,2396.07,120.39999999999964,2469.514,2444.23,2424.966,2487.574,0
2411.63,,,,,,,1.0,,,2428.91,2516.47,2396.07,120.39999999999964,2469.514,2444.23,2424.966,2487.574,0
2418.49,,,,,,,1.0,,,2428.91,2516.47,2396.07,120.39999999999964,2469.514,2444.23,2424.966,2487.574,0
2431.26,2431.26,,,,,,1.0,,,2428.91,2516.47,2396.07,120.39999999999964,2469.514,2444.23,2424.966,2487.574,1
2428.0,,2428.0,,,,,1.0,,,2428.91,2516.47,2396.07,120.39999999999964,2469.514,2444.23,2424.966,2487.574,1
2436.31,,,,,,,1.0,,,2428.91,2516.47,2396.07,120.39999999999964,2469.514,2444.23,2424.966,2487.574,1
2452.48,2452.48,,2452.48,,,,1.0,,,2428.91,2516.47,2396.07,120.39999999999964,2469.514,2444.23,2424.966,2487.574,2
2447.97,,2447.97,,,,,1.0,,,2428.91,2516.47,2396.07,120.39999999999964,2469.514,2444.23,2424.966,2487.574,2
2450.07,2450.07,,,,,,1.0,,,2428.91,2516.47,2396.07,120.39999999999964,2469.514,2444.23,2424.966,2487.574,2
2449.58,,2449.58,,,,,1.0,,,2428.91,2516.47,2396.07,120.39999999999964,2469.514,2444.23,2424.966,2487.574,2
2454.22,2454.22,,,,,,1.0,,,2428.91,2516.47,2396.07,120.39999999999964,2469.514,2444.23,2424.966,2487.574,2
2446.19,,,,,,,1.0,,,2428.91,2516.47,2396.07,120.39999999999964,2469.514,2444.23,2424.966,2487.574,2
2438.99,,2438.99,,2438.99,,,1.0,,,2428.91,2516.47,2396.07,120.39999999999964,2469.514,2444.23,2424.966,2487.574,1
2450.4,,,,,,,1.0,,,2428.91,2516.47,2396.07,120.39999999999964,2469.514,2444.23,2424.966,2487.574,2
2470.91,,,,,,,1.0,,,2428.91,2516.47,2396.07,120.39999999999964,2469.514,2444.23,2424.966,2487.574,3
2493.16,,,,,,,1.0,,,2428.91,2516.47,2396.07,120.39999999999964,2469.514,2444.23,2424.966,2487.574,4
2513.21,,,,,,,1.0,,,2428.91,2516.47,2396.07,120.39999999999964,2469.514,2444.23,2424.966,2487.574,4
2568.36,,,,,,,1.0,,,2428.91,2568.36,2396.07,172.28999999999996,2501.1669,2464.9860000000003,2437.4196,2527.0104,4
2583.81,,,,,,,1.0,,,2428.91,2583.81,2396.07,187.73999999999978,2510.5914000000002,2471.166,2441.1276000000003,2538.7524,4
2606.69,2606.69,,2606.69,,2606.69,,1.0,,2606.69,2428.91,2606.69,2396.07,210.6199999999999,2524.5482,2480.318,2446.6188,2556.1412,4
2590.92,,2590.92,,,,,1.0,,,2428.91,2606.69,2398.83,207.86000000000013,2525.6246,2481.974,2448.7164,2556.8036,4
2597.56,2597.56,,,,,,1.0,,,2428.91,2606.69,2398.83,207.86000000000013,2525.6246,2481.974,2448.7164,2556.8036,4
2596.85,,,,,,,1.0,,,2428.91,2606.69,2398.83,207.86000000000013,2525.6246,2481.974,2448.7164,2556.8036,4
2571.13,,,,,,,1.0,,,2428.91,2606.69,2398.83,207.86000000000013,2525.6246,2481.974,2448.7164,2556.8036,4
2565.96,,2565.96,,,,,1.0,,,2428.91,2606.69,2398.83,207.86000000000013,2525.6246,2481.974,2448.7164,2556.8036,4
2581.27,2581.27,,,,,,1.0,,,2428.91,2606.69,2398.83,207.86000000000013,2525.6246,2481.974,2448.7164,2556.8036,4
2565.31,,2565.31,,2565.31,,,1.0,,,2428.91,2606.69,2398.83,207.86000000000013,2525.6246,2481.974,2448.7164,2556.8036,4
2571.57,2571.57,,,,,,1.0,,,2428.91,2606.69,2398.83,207.86000000000013,2525.6246,2481.974,2448.7164,2556.8036,4
2569.07,,2569.07,,,,,1.0,,,2428.91,2606.69,2398.83,207.86000000000013,2525.6246,2481.974,2448.7164,2556.8036,4
2590.42,,,,,,,1.0,,,2428.91,2606.69,2398.83,207.86000000000013,2525.6246,2481.974,2448.7164,2556.8036,4
2600.47,,,,,,,1.0,,,2428.91,2606.69,2398.83,207.86000000000013,2525.6246,2481.974,2448.7164,2556.8036,4
2601.31,2601.31,,2601.31,,,,1.0,,,2428.91,2606.69,2398.83,207.86000000000013,2525.6246,2481.974,2448.7164,2556.8036,4
2589.03,,2589.03,,,,,1.0,,,2428.91,2606.69,2398.83,207.86000000000013,2525.6246,2481.974,2448.7164,2556.8036,4
2600.33,2600.33,,,,,,1.0,,,2428.91,2606.69,2398.83,207.86000000000013,2525.6246,2481.974,2448.7164,2556.8036,4
2599.09,,,,,,,1.0,,,2428.91,2606.69,2398.83,207.86000000000013,2525.6246,2481.974,2448.7164,2556.8036,4
2598.24,,,,,,,1.0,,,2428.91,2606.69,2398.83,207.86000000000013,2525.6246,2481.974,2448.7164,2556.8036,4
2578.98,,2578.98,,,,,1.0,,,2428.91,2606.69,2398.83,207.86000000000013,2525.6246,2481.974,2448.7164,2556.8036,4
2592.49,,,,,,,1.0,,,2428.91,2606.69,2398.83,207.86000000000013,2525.6246,2481.974,2448.7164,2556.8036,4
2596.37,2596.37,,,,,,1.0,,,2428.91,2606.69,2398.83,207.86000000000013,2525.6246,2481.974,2448.7164,2556.8036,4
2588.22,,,,,,,1.0,,,2428.91,2606.69,2398.83,207.86000000000013,2525.6246,2481.974,2448.7164,2556.8036,4
2573.47,,2573.47,,2573.47,,,1.0,,,2428.91,2606.69,2398.83,207.86000000000013,2525.6246,2481.974,2448.7164,2556.8036,4
2578.26,,,,,,,1.0,,,2428.91,2606.69,2398.83,207.86000000000013,2525.6246,2481.974,2448.7164,2556.8036,4
2585.66,,,,,,,1.0,,,2428.91,2606.69,2398.83,207.86000000000013,2525.6246,2481.974,2448.7164,2556.8036,4
2587.2,,,,,,,1.0,,,2428.91,2606.69,2398.83,207.86000000000013,2525.6246,2481.974,2448.7164,2556.8036,4
2599.84,2599.84,,2599.84,,,,1.0,,,2428.91,2606.69,2398.83,207.86000000000013,2525.6246,2481.974,2448.7164,2556.8036,4
2596.37,,,,,,,1.0,,,2428.91,2606.69,2398.83,207.86000000000013,2525.6246,2481.974,2448.7164,2556.8036,4
2594.36,,,,,,,1.0,,,2428.91,2606.69,2398.83,207.86000000000013,2525.6246,2481.974,2448.7164,2556.8036,4
2592.13,,2592.13,,,,,1.0,,,2428.91,2606.69,2398.83,207.86000000000013,2525.6246,2481.974,2448.7164,2556.8036,4
2595.46,2595.46,,,,,,1.0,,,2428.91,2606.69,2398.83,207.86000000000013,2525.6246,2481.974,2448.7164,2556.8036,4
2590.9,,,,,,,1.0,,,2428.91,2606.69,2398.83,207.86000000000013,2525.6246,2481.974,2448.7164,2556.8036,4
2576.26,,2576.26,,,,,1.0,,,2428.91,2606.69,2398.83,207.86000000000013,2525.6246,2481.974,2448.7164,2556.8036,4
2578.8,2578.8,,,,,,1.0,,,2428.91,2606.69,2398.83,207.86000000000013,2525.6246,2481.974,2448.7164,2556.8036,4
2571.22,,,,,,,1.0,,,2428.91,2606.69,2398.83,207.86000000000013,2525.6246,2481.974,2448.7164,2556.8036,4
2569.72,,,,,,,1.0,,,2428.91,2606.69,2398.83,207.86000000000013,2525.6246,2481.974,2448.7164,2556.8036,4
2559.48,,,,,,,1.0,,,2428.91,2606.69,2398.83,207.86000000000013,2525.6246,2481.974,2448.7164,2556.8036,4
2535.85,,2535.85,,2535.85,,,1.0,,,2428.91,2606.69,2398.83,207.86000000000013,2525.6246,2481.974,2448.7164,2556.8036,3
2548.33,,,,,,,1.0,,,2428.91,2606.69,2398.83,207.86000000000013,2525.6246,2481.974,2448.7164,2556.8036,3
2552.61,2552.61,,,,,,1.0,,,2428.91,2606.69,2398.83,207.86000000000013,2525.6246,2481.974,2448.7164,2556.8036,3
2548.96,,2548.96,,,,,1.0,,,2428.91,2606.69,2398.83,207.86000000000013,2525.6246,2481.974,2448.7164,2556.8036,3
2550.1,2550.1,,,,,,1.0,,,2428.91,2606.69,2398.83,207.86000000000013,2525.6246,2481.974,2448.7164,2556.8036,3
2548.86,,,,,,,1.0,,,2428.91,2606.69,2398.83,207.86000000000013,2525.6246,2481.974,2448.7164,2556.8036,3
2526.85,,,,,,,1.0,,,2428.91,2606.69,2398.83,207.86000000000013,2525.6246,2481.974,2448.7164,2556.8036,3
2517.79,,,,,,,1.0,,,2428.91,2606.69,2398.83,207.86000000000013,2525.6246,2481.974,2448.7164,2556.8036,2
2501.45,,,,,,,1.0,,,2428.91,2606.69,2398.83,207.86000000000013,2525.6246,2481.974,2448.7164,2556.8036,2
2488.04,,2488.04,,,,,1.0,,,2428.91,2606.69,2398.83,207.86000000000013,2525.6246,2481.974,2448.7164,2556.8036,2
2497.66,2497.66,,,,,,1.0,,,2428.91,2606.69,2398.83,207.86000000000013,2525.6246,2481.974,2448.7164,2556.8036,2
2484.64,,,,,,,1.0,,,2428.91,2606.69,2398.83,207.86000000000013,2525.6246,2481.974,2448.7164,2556.8036,2
2483.13,,2483.13,,2483.13,,2483.13,1.0,2483.13,,2428.91,2606.69,2398.83,207.86000000000013,2525.6246,2481.974,2448.7164,2556.8036,2
2491.18,,,,,,,1.0,,,2428.91,2606.69,2398.83,207.86000000000013,2525.6246,2481.974,2448.7164,2556.8036,2
2497.43,,,,,,,1.0,,,2428.91,2606.69,2398.83,207.86000000000013,2525.6246,2481.974,2448.7164,2556.8036,2
2521.22,2521.22,,2521.22,,,,1.0,,,2428.91,2606.69,2398.83,207.86000000000013,2525.6246,2481.974,2448.7164,2556.8036,2
2508.8,,2508.8,,,,,1.0,,,2428.91,2606.69,2398.83,207.86000000000013,2525.6246,2481.974,2448.7164,2556.8036,2
2517.54,2517.54,,,,,,1.0,,,2428.91,2606.69,2398.83,207.86000000000013,2525.6246,2481.974,2448.7164,2556.8036,2
2513.27,,,,,,,1.0,,,2428.91,2606.69,2398.83,207.86000000000013,2525.6246,2481.974,2448.7164,2556.8036,2
2508.81,,2508.81,,,,,1.0,,,2428.91,2606.69,2398.83,207.86000000000013,2525.6246,2481.974,2448.7164,2556.8036,2
2519.47,2519.47,,,,,,1.0,,,2428.91,2606.69,2398.83,207.86000000000013,2525.6246,2481.974,2448.7164,2556.8036,2
2517.25,,2517.25,,,,,1.0,,,2428.91,2606.69,2398.83,207.86000000000013,2525.6246,2481.974,2448.7164,2556.8036,2
2520.38,,,,,,,1.0,,,2428.91,2606.69,2398.83,207.86000000000013,2525.6246,2481.974,2448.7164,2556.8036,2
2528.28,2528.28,,2528.28,,2528.28,,1.0,,,2428.91,2606.69,2398.83,207.86000000000013,2525.6246,2481.974,2448.7164,2556.8036,3
2522.5,,,,,,,1.0,,,2428.91,2606.69,2398.83,207.86000000000013,2525.6246,2481.974,2448.7164,2556.8036,2
2517.12,,2517.12,,2517.12,,,1.0,,,2428.91,2606.69,2398.83,207.86000000000013,2525.6246,2481.974,2448.7164,2556.8036,2
2522.26,2522.26,,,,,,1.0,,,2428.91,2606.69,2398.83,207.86000000000013,2525.6246,2481.974,2448.7164,2556.8036,2
2519.33,,,,,,,1.0,,,2428.91,2606.69,2398.83,207.86000000000013,2525.6246,2481.974,2448.7164,2556.8036,2
2518.88,,2518.88,,,,,1.0,,,2428.91,2606.69,2398.83,207.86000000000013,2525.6246,2481.974,2448.7164,2556.8036,2
2518.92,2518.92,,,,,,1.0,,,2483.13,2606.69,2398.83,207.86000000000013,2525.6246,2481.974,2448.7164,2556.8036,2
2515.09,,2515.09,,,,,1.0,,,2483.13,2606.69,2398.83,207.86000000000013,2525.6246,2481.974,2448.7164,2556.8036,2
2519.41,2519.41,,,,,,1.0,,,2483.13,2606.69,2398.83,207.86000000000013,2525.6246,2481.974,2448.7164,2556.8036,2
2508.57,,,,,,,1.0,,,2483.13,2606.69,2398.83,207.86000000000013,2525.6246,2481.974,2448.7164,2556.8036,2
2506.72,,,,,,,1.0,,,2483.13,2606.69,2398.83,207.86000000000013,2525.6246,2481.974,2448.7164,2556.8036,2
2504.53,,,,,,,1.0,,,2483.13,2606.69,2398.83,207.86000000000013,2525.6246,2481.974,2448.7164,2556.8036,2
2493.83,,2493.83,,2493.83,,2493.83,1.0,,,2483.13,2606.69,2398.83,207.86000000000013,2525.6246,2481.974,2448.7164,2556.8036,2
2506.29,,,,,,,1.0,,,2483.13,2606.69,2398.83,207.86000000000013,2525.6246,2481.974,2448.7164,2556.8036,2
2507.25,,,,,,,1.0,,,2483.13,2606.69,2398.83,207.86000000000013,2525.6246,2481.974,2448.7164,2556.8036,2
2517.28,,,,,,,1.0,,,2483.13,2606.69,2398.83,207.86000000000013,2525.6246,2481.974,2448.7164,2556.8036,2
2519.89,2519.89,,,,,,1.0,,,2483.13,2606.69,2398.83,207.86000000000013,2525.6246,2481.974,2448.7164,2556.8036,2
2517.01,,2517.01,,,,,1.0,,,2483.13,2606.69,2398.83,207.86000000000013,2525.6246,2481.974,2448.7164,2556.8036,2
2520.79,2520.79,,2520.79,,,,1.0,,,2483.13,2606.69,2398.83,207.86000000000013,2525.6246,2481.974,2448.7164,2556.8036,2
2518.37,,,,,,,1.0,,,2483.13,2606.69,2398.83,207.86000000000013,2525.6246,2481.974,2448.7164,2556.8036,2
2513.66,,2513.66,,,,,1.0,,,2483.13,2606.69,2398.83,207.86000000000013,2525.6246,2481.974,2448.7164,2556.8036,2
2515.6,2515.6,,,,,,1.0,,,2483.13,2606.69,2483.13,123.55999999999995,2558.5016,2532.554,2512.7844,2577.0356,1
2512.91,,,,,,,1.0,,,2528.28,2606.69,2483.13,123.55999999999995,2558.5016,2532.554,2512.7844,2577.0356,1
2511.65,,2511.65,,,,,1.0,,,2528.28,2606.69,2483.13,123.55999999999995,2558.5016,2532.554,2512.7844,2577.0356,0
2522.58,2522.58,,,,,,1.0,,,2528.28,2606.69,2483.13,123.55999999999995,2558.5016,2532.554,2512.7844,2577.0356,1
2518.71,,,,,,,1.0,,,2528.28,2606.69,2483.13,123.55999999999995,2558.5016,2532.554,2512.7844,2577.0356,1
2513.82,,,,,,,1.0,,,2528.28,2606.69,2483.13,123.55999999999995,2558.5016,2532.554,2512.7844,2577.0356,1
2508.0,,2508.0,,2508.0,,,1.0,,,2528.28,2606.69,2483.13,123.55999999999995,2558.5016,2532.554,2512.7844,2577.0356,0
2509.28,,,,,,,1.0,,,2528.28,2606.69,2483.13,123.55999999999995,2558.5016,2532.554,2512.7844,2577.0356,0
2516.93,,,,,,,1.0,,,2528.28,2606.69,2483.13,123.55999999999995,2558.5016,2532.554,2512.7844,2577.0356,1
2521.26,,,,,,,1.0,,,2528.28,2606.69,2483.13,123.55999999999995,2558.5016,2532.554,2512.7844,2577.0356,1
2558.43,,,,,,,1.0,,,2528.28,2606.69,2483.13,123.55999999999995,2558.5016,2532.554,2512.7844,2577.0356,2
2560.13,2560.13,,,,,,1.0,,,2528.28,2606.69,2483.13,123.55999999999995,2558.5016,2532.554,2512.7844,2577.0356,3
2558.89,,,,,,,1.0,,,2528.28,2606.69,2483.13,123.55999999999995,2558.5016,2532.554,2512.7844,2577.0356,3
2552.46,,,,,,,1.0,,,2528.28,2606.69,2483.13,123.55999999999995,2558.5016,2532.554,2512.7844,2577.0356,2
2547.7,,,,,,,1.0,,,2528.28,2606.69,2483.13,123.55999999999995,2558.5016,2532.554,2512.7844,2577.0356,2
2532.58,,2532.58,,,,,1.0,,,2528.28,2560.13,2483.13,77.0,2530.1,2513.9300000000003,2501.61,2541.65,3
2541.71,,,,,,,1.0,,,2528.28,2560.13,2483.13,77.0,2530.1,2513.9300000000003,2501.61,2541.65,4
2545.91,,,,,,,1.0,,,2528.28,2560.13,2483.13,77.0,2530.1,2513.9300000000003,2501.61,2541.65,4
2588.47,2588.47,,2588.47,,2588.47,,1.0,,,2528.28,2588.47,2483.13,105.33999999999969,2547.3874,2525.266,2508.4116,2563.1884,4
2582.94,,,,,,,1.0,,,2528.28,2588.47,2483.13,105.33999999999969,2547.3874,2525.266,2508.4116,2563.1884,4
2570.84,,,,,,,1.0,,,2528.28,2588.47,2483.13,105.33999999999969,2547.3874,2525.266,2508.4116,2563.1884,4
2563.94,,,,,,,1.0,,,2528.28,2588.47,2483.13,105.33999999999969,2547.3874,2525.266,2508.4116,2563.1884,4
2563.72,,2563.72,,,,,1.0,,,2528.28,2588.47,2483.13,105.33999999999969,2547.3874,2525.266,2508.4116,2563.1884,4
2574.17,,,,,,,1.0,,,2528.28,2588.47,2483.13,105.33999999999969,2547.3874,2525.266,2508.4116,2563.1884,4
2577.5,2577.5,,,,,,1.0,,,2528.28,2588.47,2483.13,105.33999999999969,2547.3874,2525.266,2508.4116,2563.1884,4
2573.8,,,,,,,1.0,,,2528.28,2588.47,2483.13,105.33999999999969,2547.3874,2525.266,2508.4116,2563.1884,4
2569.73,,,,,,,1.0,,,2528.28,2588.47,2483.13,105.33999999999969,2547.3874,2525.266,2508.4116,2563.1884,4
2565.8,,2565.8,,,,,1.0,,,2528.28,2588.47,2483.13,105.33999999999969,2547.3874,2525.266,2508.4116,2563.1884,4
2578.92,,,,,,,1.0,,,2528.28,2588.47,2483.13,105.33999999999969,2547.3874,2525.266,2508.4116,2563.1884,4
2585.68,2585.68,,2585.68,,,,1.0,,,2528.28,2588.47,2483.13,105.33999999999969,2547.3874,2525.266,2508.4116,2563.1884,4
2572.66,,,,,,,1.0,,,2528.28,2588.47,2483.13,105.33999999999969,2547.3874,2525.266,2508.4116,2563.1884,4
2559.12,,2559.12,,,,,1.0,,,2528.28,2588.47,2483.13,105.33999999999969,2547.3874,2525.266,2508.4116,2563.1884,3
2562.95,2562.95,,,,,,1.0,,,2528.28,2588.47,2493.83,94.63999999999987,2551.5604,2531.6859999999997,2516.5436,2565.7563999999998,3
2549.18,,2549.18,,,,,1.0,,,2528.28,2588.47,2493.83,94.63999999999987,2551.5604,2531.6859999999997,2516.5436,2565.7563999999998,2
2566.2,2566.2,,2566.2,,,,1.0,,,2528.28,2588.47,2493.83,94.63999999999987,2551.5604,2531.6859999999997,2516.5436,2565.7563999999998,4
2531.72,,2531.72,,,,,1.0,,,2528.28,2588.47,2493.83,94.63999999999987,2551.5604,2531.6859999999997,2516.5436,2565.7563999999998,2
2533.79,2533.79,,,,,,1.0,,,2528.28,2588.47,2493.83,94.63999999999987,2551.5604,2531.6859999999997,2516.5436,2565.7563999999998,2
2526.26,,2526.26,,2526.26,,,1.0,,,2528.28,2588.47,2493.83,94.63999999999987,2551.5604,2531.6859999999997,2516.5436,2565.7563999999998,1
2526.85,,,,,,,1.0,,,2528.28,2588.47,2493.83,94.63999999999987,2551.5604,2531.6859999999997,2516.5436,2565.7563999999998,1
2537.65,,,,,,,1.0,,,2528.28,2588.47,2493.83,94.63999999999987,2551.5604,2531.6859999999997,2516.5436,2565.7563999999998,2
2541.49,2541.49,,2541.49,,,,1.0,,,2528.28,2588.47,2493.83,94.63999999999987,2551.5604,2531.6859999999997,2516.5436,2565.7563999999998,2
2534.41,,2534.41,,,,,1.0,,,2528.28,2588.47,2493.83,94.63999999999987,2551.5604,2531.6859999999997,2516.5436,2565.7563999999998,2
2540.38,2540.38,,,,,,1.0,,,2528.28,2588.47,2493.83,94.63999999999987,2551.5604,2531.6859999999997,2516.5436,2565.7563999999998,2
2536.66,,2536.66,,,,,1.0,,,2528.28,2588.47,2493.83,94.63999999999987,2551.5604,2531.6859999999997,2516.5436,2565.7563999999998,2
2542.38,2542.38,,,,,,1.0,,,2528.28,2588.47,2493.83,94.63999999999987,2551.5604,2531.6859999999997,2516.5436,2565.7563999999998,2
2540.6,,,,,,,1.0,,,2528.28,2588.47,2493.83,94.63999999999987,2551.5604,2531.6859999999997,2516.5436,2565.7563999999998,2
2529.35,,,,,,,1.0,,,2528.28,2588.47,2493.83,94.63999999999987,2551.5604,2531.6859999999997,2516.5436,2565.7563999999998,1
2528.13,,2528.13,,2528.13,,,1.0,,,2528.28,2588.47,2493.83,94.63999999999987,2551.5604,2531.6859999999997,2516.5436,2565.7563999999998,1
2538.26,,,,,,,1.0,,,2528.28,2588.47,2493.83,94.63999999999987,2551.5604,2531.6859999999997,2516.5436,2565.7563999999998,2
2543.57,,,,,,,1.0,,,2528.28,2588.47,2493.83,94.63999999999987,2551.5604,2531.6859999999997,2516.5436,2565.7563999999998,2
2552.27,,,,,,,1.0,,,2528.28,2588.47,2493.83,94.63999999999987,2551.5604,2531.6859999999997,2516.5436,2565.7563999999998,3
2559.12,2559.12,,,,,,1.0,,,2528.28,2588.47,2493.83,94.63999999999987,2551.5604,2531.6859999999997,2516.5436,2565.7563999999998,3
2553.86,,,,,,,1.0,,,2528.28,2588.47,2493.83,94.63999999999987,2551.5604,2531.6859999999997,2516.5436,2565.7563999999998,3
2546.42,,2546.42,,,,,1.0,,,2528.28,2588.47,2493.83,94.63999999999987,2551.5604,2531.6859999999997,2516.5436,2565.7563999999998,2
2551.92,,,,,,,1.0,,,2528.28,2588.47,2493.83,94.63999999999987,2551.5604,2531.6859999999997,2516.5436,2565.7563999999998,3
2566.58,,,,,,,1.0,,,2528.28,2588.47,2493.83,94.63999999999987,2551.5604,2531.6859999999997,2516.5436,2565.7563999999998,4
2575.52,,,,,,,1.0,,,2528.28,2588.47,2493.83,94.63999999999987,2551.5604,2531.6859999999997,2516.5436,2565.7563999999998,4
2583.35,,,,,,,1.0,,,2528.28,2588.47,2493.83,94.63999999999987,2551.5604,2531.6859999999997,2516.5436,2565.7563999999998,4
2588.57,2588.57,,,,,,1.0,,,2528.28,2588.57,2493.83,94.74000000000024,2551.6214,2531.726,2516.5676,2565.8324000000002,4
2562.84,,2562.84,,,,,1.0,,,2528.28,2588.57,2493.83,94.74000000000024,2551.6214,2531.726,2516.5676,2565.8324000000002,3
2565.24,,,,,,,1.0,,,2528.28,2588.57,2493.83,94.74000000000024,2551.6214,2531.726,2516.5676,2565.8324000000002,3
2576.87,,,,,,,1.0,,,2528.28,2588.57,2493.83,94.74000000000024,2551.6214,2531.726,2516.5676,2565.8324000000002,4
2617.06,,,,,,,1.0,,,2528.28,2617.06,2493.83,123.23000000000002,2569.0003,2543.122,2523.4052,2587.4847999999997,4
2625.24,2625.24,,2625.24,,,,1.0,,,2528.28,2625.24,2493.83,131.40999999999985,2573.9901,2546.394,2525.3684,2593.7016,4
2610.95,,,,,,,1.0,,,2528.28,2625.24,2493.83,131.40999999999985,2573.9901,2546.394,2525.3684,2593.7016,4
2599.47,,2599.47,,,,,1.0,,,2528.28,2625.24,2493.83,131.40999999999985,2573.9901,2546.394,2525.3684,2593.7016,4
2613.52,2613.52,,,,,,1.0,,,2528.28,2625.24,2493.83,131.40999999999985,2573.9901,2546.394,2525.3684,2593.7016,4
2611.59,,2611.59,,,,,1.0,,,2528.28,2625.24,2493.83,131.40999999999985,2573.9901,2546.394,2525.3684,2593.7016,4
2616.52,2616.52,,,,,,1.0,,,2528.28,2625.24,2493.83,131.40999999999985,2573.9901,2546.394,2525.3684,2593.7016,4
2614.2,,,,,,,1.0,,,2528.28,2625.24,2493.83,131.40999999999985,2573.9901,2546.394,2525.3684,2593.7016,4
2605.79,,,,,,,1.0,,,2528.28,2625.24,2493.83,131.40999999999985,2573.9901,2546.394,2525.3684,2593.7016,4
2603.52,,,,,,,1.0,,,2528.28,2625.24,2493.83,131.40999999999985,2573.9901,2546.394,2525.3684,2593.7016,4
2592.18,,2592.18,,2592.18,,,1.0,,,2528.28,2625.24,2493.83,131.40999999999985,2573.9901,2546.394,2525.3684,2593.7016,3
2602.99,,,,,,,1.0,,,2528.28,2625.24,2493.83,131.40999999999985,2573.9901,2546.394,2525.3684,2593.7016,4
2612.51,,,,,,,1.0,,,2528.28,2625.24,2493.83,131.40999999999985,2573.9901,2546.394,2525.3684,2593.7016,4
2631.69,2631.69,,,,,,1.0,,,2528.28,2631.69,2493.83,137.86000000000013,2577.9246,2548.974,2526.9164,2598.6036,4
2625.43,,,,,,,1.0,,,2528.28,2631.69,2493.83,137.86000000000013,2577.9246,2548.974,2526.9164,2598.6036,4
2612.41,,,,,,,1.0,,,2528.28,2631.69,2493.83,137.86000000000013,2577.9246,2548.974,2526.9164,2598.6036,4
2611.69,,2611.69,,,,,1.0,,,2528.28,2631.69,2493.83,137.86000000000013,2577.9246,2548.974,2526.9164,2598.6036,4
2618.6,,,,,,,1.0,,,2528.28,2631.69,2493.83,137.86000000000013,2577.9246,2548.974,2526.9164,2598.6036,4
2626.94,,,,,,,1.0,,,2528.28,2631.69,2493.83,137.86000000000013,2577.9246,2548.974,2526.9164,2598.6036,4
2660.42,2660.42,,,,,,1.0,,,2528.28,2660.42,2493.83,166.59000000000015,2595.4499,2560.466,2533.8116,2620.4384,4
2655.56,,,,,,,1.0,,,2528.28,2660.42,2493.83,166.59000000000015,2595.4499,2560.466,2533.8116,2620.4384,4
2642.78,,2642.78,,,,,1.0,,,2528.28,2660.42,2493.83,166.59000000000015,2595.4499,2560.466,2533.8116,2620.4384,4
2657.4,,,,,,,1.0,,,2528.28,2660.42,2493.83,166.59000000000015,2595.4499,2560.466,2533.8116,2620.4384,4
2659.89,,,,,,,1.0,,,2528.28,2660.42,2493.83,166.59000000000015,2595.4499,2560.466,2533.8116,2620.4384,4
2662.86,,,,,,,1.0,,,2528.28,2662.86,2493.83,169.0300000000002,2596.9383000000003,2561.442,2534.3972,2622.2928,4
2719.06,,,,,,,1.0,,,2528.28,2719.06,2493.83,225.23000000000002,2631.2203,2583.922,2547.8851999999997,2665.0047999999997,4
2765.82,2765.82,,,,,,1.0,,,2528.28,2765.82,2493.83,271.99000000000024,2659.7439,2602.626,2559.1076,2700.5424000000003,4
2738.41,,2738.41,,,,,1.0,,,2528.28,2765.82,2493.83,271.99000000000024,2659.7439,2602.626,2559.1076,2700.5424000000003,4
2754.16,,,,,,,1.0,,,2528.28,2765.82,2493.83,271.99000000000024,2659.7439,2602.626,2559.1076,2700.5424000000003,4
2781.46,2781.46,,,,,,1.0,,,2528.28,2781.46,2493.83,287.6300000000001,2669.2843,2608.882,2562.8612,2712.4288,4
2769.83,,,,,,,1.0,,,2528.28,2781.46,2493.83,287.6300000000001,2669.2843,2608.882,2562.8612,2712.4288,4
2757.65,,2757.65,,,,,1.0,,,2528.28,2781.46,2493.83,287.6300000000001,2669.2843,2608.882,2562.8612,2712.4288,4
2775.84,,,,,,,1.0,,,2528.28,2781.46,2493.83,287.6300000000001,2669.2843,2608.882,2562.8612,2712.4288,4
2784.87,,,,,,,1.0,,,2528.28,2784.87,2493.83,291.03999999999996,2671.3644,2610.246,2563.6796,2715.0204,4
2787.22,2787.22,,,,,,1.0,,,2528.28,2787.22,2493.83,293.3899999999999,2672.7979,2611.1859999999997,2564.2436,2716.8064,4
2780.0,,2780.0,,,,,1.0,,,2528.28,2787.22,2493.83,293.3899999999999,2672.7979,2611.1859999999997,2564.2436,2716.8064,4
2782.96,,,,,,,1.0,,,2528.28,2787.22,2493.83,293.3899999999999,2672.7979,2611.1859999999997,2564.2436,2716.8064,4
2796.78,2796.78,,2796.78,,,,1.0,,,2528.28,2796.78,2493.83,302.9500000000003,2678.6295,2615.01,2566.538,2724.072,4
2792.01,,,,,,,1.0,,,2528.28,2796.78,2493.83,302.9500000000003,2678.6295,2615.01,2566.538,2724.072,4
2789.51,,,,,,,1.0,,,2528.28,2796.78,2493.83,302.9500000000003,2678.6295,2615.01,2566.538,2724.072,4
2779.13,,2779.13,,2779.13,,,1.0,,,2528.28,2796.78,2493.83,302.9500000000003,2678.6295,2615.01,2566.538,2724.072,4
2786.32,2786.32,,,,,,1.0,,,2528.28,2796.78,2493.83,302.9500000000003,2678.6295,2615.01,2566.538,2724.072,4
2779.87,,,,,,,1.0,,,2528.28,2796.78,2493.83,302.9500000000003,2678.6295,2615.01,2566.538,2724.072,4
2779.58,,2779.58,,,,,1.0,,,2528.28,2796.78,2493.83,302.9500000000003,2678.6295,2615.01,2566.538,2724.072,4
2785.44,2785.44,,,,,,1.0,,,2528.28,2796.78,2493.83,302.9500000000003,2678.6295,2615.01,2566.538,2724.072,4
2777.72,,,,,,,1.0,,,2528.28,2796.78,2493.83,302.9500000000003,2678.6295,2615.01,2566.538,2724.072,4
2775.78,,,,,,,1.0,,,2528.28,2796.78,2493.83,302.9500000000003,2678.6295,2615.01,2566.538,2724.072,4
2774.1,,2774.1,,2774.1,,2774.1,1.0,,,2528.28,2796.78,2493.83,302.9500000000003,2678.6295,2615.01,2566.538,2724.072,4
2831.93,2831.93,,2831.93,,,,1.0,,,2528.28,2831.93,2493.83,338.0999999999999,2700.071,2629.0699999999997,2574.9739999999997,2750.786,4
2813.18,,2813.18,,,,,1.0,,,2528.28,2831.93,2493.83,338.0999999999999,2700.071,2629.0699999999997,2574.9739999999997,2750.786,4
2822.27,2822.27,,,,,,1.0,,,2528.28,2831.93,2493.83,338.0999999999999,2700.071,2629.0699999999997,2574.9739999999997,2750.786,4
2820.21,,2820.21,,,,,1.0,,,2528.28,2831.93,2493.83,338.0999999999999,2700.071,2629.0699999999997,2574.9739999999997,2750.786,4
2972.47,,,,,,,1.0,,,2528.28,2972.47,2493.83,478.6399999999999,2785.8004,2685.286,2608.7036,2857.5964,4
2974.23,2974.23,,,,,,1.0,,,2528.28,2974.23,2493.83,480.4000000000001,2786.874,2685.99,2609.1259999999997,2858.934,4
2951.22,,,,,,,1.0,,,2528.28,2974.23,2493.83,480.4000000000001,2786.874,2685.99,2609.1259999999997,2858.934,4
2937.48,,2937.48,,,,,1.0,,,2528.28,2974.23,2493.83,480.4000000000001,2786.874,2685.99,2609.1259999999997,2858.934,4
2955.49,,,,,,,1.0,,,2528.28,2974.23,2493.83,480.4000000000001,2786.874,2685.99,2609.1259999999997,2858.934,4
2966.22,,,,,,,1.0,,,2528.28,2974.23,2493.83,480.4000000000001,2786.874,2685.99,2609.1259999999997,2858.934,4
2970.67,,,,,,,1.0,,,2528.28,2974.23,2493.83,480.4000000000001,2786.874,2685.99,2609.1259999999997,2858.934,4
2971.17,,,,,,,1.0,,,2528.28,2974.23,2493.83,480.4000000000001,2786.874,2685.99,2609.1259999999997,2858.934,4
3006.1,3006.1,,,,,,1.0,,,2528.28,3006.1,2493.83,512.27,2806.3147,2698.738,2616.7748,2883.1552,4
2990.89,,,,,,,1.0,,,2528.28,3006.1,2493.83,512.27,2806.3147,2698.738,2616.7748,2883.1552,4
2970.44,,2970.44,,,,,1.0,,,2528.28,3006.1,2493.83,512.27,2806.3147,2698.738,2616.7748,2883.1552,4
3004.78,,,,,,,1.0,,,2528.28,3006.1,2493.83,512.27,2806.3147,2698.738,2616.7748,2883.1552,4
3016.22,3016.22,,3016.22,,3016.22,,1.0,,,2528.28,3016.22,2493.83,522.3899999999999,2812.4879,2702.786,2619.2036,2890.8464,4
3004.67,,,,,,,1.0,,,2528.28,3016.22,2493.83,522.3899999999999,2812.4879,2702.786,2619.2036,2890.8464,4
2985.0,,2985.0,,,,,1.0,,,2528.28,3016.22,2493.83,522.3899999999999,2812.4879,2702.786,2619.2036,2890.8464,4
2987.22,,,,,,,1.0,,,2528.28,3016.22,2493.83,522.3899999999999,2812.4879,2702.786,2619.2036,2890.8464,4
3003.56,3003.56,,,,,,1.0,,,2528.28,3016.22,2493.83,522.3899999999999,2812.4879,2702.786,2619.2036,2890.8464,4
2998.39,,,,,,,1.0,,,2528.28,3016.22,2493.83,522.3899999999999,2812.4879,2702.786,2619.2036,2890.8464,4
2991.56,,,,,,,1.0,,,2528.28,3016.22,2493.83,522.3899999999999,2812.4879,2702.786,2619.2036,2890.8464,4
2970.22,,2970.22,,,,,1.0,,,2528.28,3016.22,2493.83,522.3899999999999,2812.4879,2702.786,2619.2036,2890.8464,4
2980.97,,,,,,,1.0,,,2528.28,3016.22,2493.83,522.3899999999999,2812.4879,2702.786,2619.2036,2890.8464,4
2996.85,,,,,,,1.0,,,2528.28,3016.22,2493.83,522.3899999999999,2812.4879,2702.786,2619.2036,2890.8464,4
3009.76,3009.76,,3009.76,,,,1.0,,,2528.28,3016.22,2493.83,522.3899999999999,2812.4879,2702.786,2619.2036,2890.8464,4
2981.18,,,,,,,1.0,,,2528.28,3016.22,2493.83,522.3899999999999,2812.4879,2702.786,2619.2036,2890.8464,4
2967.72,,,,,,,1.0,,,2528.28,3016.22,2493.83,522.3899999999999,2812.4879,2702.786,2619.2036,2890.8464,4
2951.84,,2951.84,,2951.84,,,1.0,,,2528.28,3016.22,2493.83,522.3899999999999,2812.4879,2702.786,2619.2036,2890.8464,4
2959.12,2959.12,,,,,,1.0,,,2528.28,3016.22,2493.83,522.3899999999999,2812.4879,2702.786,2619.2036,2890.8464,4
2953.85,,2953.85,,,,,1.0,,,2528.28,3016.22,2526.26,489.9599999999996,2825.1356,2722.244,2643.8504000000003,2898.6295999999998,4
2960.21,2960.21,,,,,,1.0,,,2774.1,3016.22,2526.26,489.9599999999996,2825.1356,2722.244,2643.8504000000003,2898.6295999999998,4
2958.29,,2958.29,,,,,1.0,,,2774.1,3016.22,2526.26,489.9599999999996,2825.1356,2722.244,2643.8504000000003,2898.6295999999998,4
2967.3,2967.3,,,,,,1.0,,,2774.1,3016.22,2526.26,489.9599999999996,2825.1356,2722.244,2643.8504000000003,2898.6295999999998,4
2953.11,,2953.11,,,,,1.0,,,2774.1,3016.22,2526.26,489.9599999999996,2825.1356,2722.244,2643.8504000000003,2898.6295999999998,4
2954.44,,,,,,,1.0,,,2774.1,3016.22,2526.26,489.9599999999996,2825.1356,2722.244,2643.8504000000003,2898.6295999999998,4
2961.13,,,,,,,1.0,,,2774.1,3016.22,2526.26,489.9599999999996,2825.1356,2722.244,2643.8504000000003,2898.6295999999998,4
2964.47,,,,,,,1.0,,,2774.1,3016.22,2526.26,489.9599999999996,2825.1356,2722.244,2643.8504000000003,2898.6295999999998,4
2968.07,,,,,,,1.0,,,2774.1,3016.22,2526.26,489.9599999999996,2825.1356,2722.244,2643.8504000000003,2898.6295999999998,4
2975.09,,,,,,,1.0,,,2774.1,3016.22,2526.26,489.9599999999996,2825.1356,2722.244,2643.8504000000003,2898.6295999999998,4
2977.06,2977.06,,2977.06,,,,1.0,,,2774.1,3016.22,2526.26,489.9599999999996,2825.1356,2722.244,2643.8504000000003,2898.6295999999998,4
2964.94,,,,,,,1.0,,,2774.1,3016.22,2526.26,489.9599999999996,2825.1356,2722.244,2643.8504000000003,2898.6295999999998,4
2944.75,,,,,,,1.0,,,2774.1,3016.22,2526.26,489.9599999999996,2825.1356,2722.244,2643.8504000000003,2898.6295999999998,4
2940.74,,,,,,,1.0,,,2774.1,3016.22,2526.26,489.9599999999996,2825.1356,2722.244,2643.8504000000003,2898.6295999999998,4
2929.58,,,,,,,1.0,,,2774.1,3016.22,2526.26,489.9599999999996,2825.1356,2722.244,2643.8504000000003,2898.6295999999998,4
2917.04,,2917.04,,2917.04,,2917.04,1.0,,,2774.1,3016.22,2526.26,489.9599999999996,2825.1356,2722.244,2643.8504000000003,2898.6295999999998,4
2925.84,,,,,,,1.0,,,2774.1,3016.22,2526.26,489.9599999999996,2825.1356,2722.244,2643.8504000000003,2898.6295999999998,4
2942.14,,,,,,,1.0,,,2774.1,3016.22,2526.26,489.9599999999996,2825.1356,2722.244,2643.8504000000003,2898.6295999999998,4
2943.55,2943.55,,,,,,1.0,,,2774.1,3016.22,2526.26,489.9599999999996,2825.1356,2722.244,2643.8504000000003,2898.6295999999998,4
2942.21,,,,,,,1.0,,,2774.1,3016.22,2526.26,489.9599999999996,2825.1356,2722.244,2643.8504000000003,2898.6295999999998,4
2918.13,,2918.13,,,,,1.0,,,2774.1,3016.22,2526.26,489.9599999999996,2825.1356,2722.244,2643.8504000000003,2898.6295999999998,4
2940.44,2940.44,,,,,,1.0,,,2774.1,3016.22,2526.26,489.9599999999996,2825.1356,2722.244,2643.8504000000003,2898.6295999999998,4
2938.93,,2938.93,,,,,1.0,,,2774.1,3016.22,2526.26,489.9599999999996,2825.1356,2722.244,2643.8504000000003,2898.6295999999998,4
2944.37,,,,,,,1.0,,,2774.1,3016.22,2526.26,489.9599999999996,2825.1356,2722.244,2643.8504000000003,2898.6295999999998,4
2946.09,,,,,,,1.0,,,2774.1,3016.22,2526.26,489.9599999999996,2825.1356,2722.244,2643.8504000000003,2898.6295999999998,4
2950.8,,,,,,,1.0,,,2774.1,3016.22,2526.26,489.9599999999996,2825.1356,2722.244,2643.8504000000003,2898.6295999999998,4
2955.17,,,,,,,1.0,,,2774.1,3016.22,2526.26,489.9599999999996,2825.1356,2722.244,2643.8504000000003,2898.6295999999998,4
2956.22,,,,,,,1.0,,,2774.1,3016.22,2526.26,489.9599999999996,2825.1356,2722.244,2643.8504000000003,2898.6295999999998,4
2959.82,2959.82,,,,,,1.0,,,2774.1,3016.22,2526.26,489.9599999999996,2825.1356,2722.244,2643.8504000000003,2898.6295999999998,4
2951.99,,2951.99,,,,,1.0,,,2774.1,3016.22,2526.26,489.9599999999996,2825.1356,2722.244,2643.8504000000003,2898.6295999999998,4
2961.16,,,,,,,1.0,,,2774.1,3016.22,2526.26,489.9599999999996,2825.1356,2722.244,2643.8504000000003,2898.6295999999998,4
2964.92,2964.92,,,,,,1.0,,,2774.1,3016.22,2526.26,489.9599999999996,2825.1356,2722.244,2643.8504000000003,2898.6295999999998,4
2957.06,,,,,,,1.0,,,2774.1,3016.22,2526.26,489.9599999999996,2825.1356,2722.244,2643.8504000000003,2898.6295999999998,4
2950.55,,,,,,,1.0,,,2774.1,3016.22,2526.26,489.9599999999996,2825.1356,2722.244,2643.8504000000003,2898.6295999999998,4
2950.03,,2950.03,,2950.03,,,1.0,,,2774.1,3016.22,2526.26,489.9599999999996,2825.1356,2722.244,2643.8504000000003,2898.6295999999998,4
2966.47,,,,,,,1.0,,,2774.1,3016.22,2526.26,489.9599999999996,2825.1356,2722.244,2643.8504000000003,2898.6295999999998,4
2987.59,,,,,,,1.0,,,2774.1,3016.22,2526.26,489.9599999999996,2825.1356,2722.244,2643.8504000000003,2898.6295999999998,4
2990.91,2990.91,,,,,,1.0,,,2774.1,3016.22,2526.26,489.9599999999996,2825.1356,2722.244,2643.8504000000003,2898.6295999999998,4
2989.45,,2989.45,,,,,1.0,,,2774.1,3016.22,2774.1,242.1199999999999,2921.7932,2870.948,2832.2088,2958.1112,4
2993.89,2993.89,,,,,,1.0,,,2774.1,3016.22,2774.1,242.1199999999999,2921.7932,2870.948,2832.2088,2958.1112,4
2976.0,,2976.0,,2976.0,,,1.0,,,2774.1,3016.22,2774.1,242.1199999999999,2921.7932,2870.948,2832.2088,2958.1112,4
2993.09,,,,,,,1.0,,,2774.1,3016.22,2774.1,242.1199999999999,2921.7932,2870.948,2832.2088,2958.1112,4
2994.98,2994.98,,2994.98,,,,1.0,,,2774.1,3016.22,2774.1,242.1199999999999,2921.7932,2870.948,2832.2088,2958.1112,4
2990.56,,2990.56,,,,,1.0,,,2774.1,3016.22,2774.1,242.1199999999999,2921.7932,2870.948,2832.2088,2958.1112,4
2993.23,2993.23,,,,,,1.0,,,2774.1,3016.22,2774.1,242.1199999999999,2921.7932,2870.948,2832.2088,2958.1112,4
2966.69,,,,,,,1.0,,,2774.1,3016.22,2774.1,242.1199999999999,2921.7932,2870.948,2832.2088,2958.1112,4
2960.49,,2960.49,,2960.49,,,1.0,,,2774.1,3016.22,2774.1,242.1199999999999,2921.7932,2870.948,2832.2088,2958.1112,4
2973.38,,,,,,,1.0,,,2774.1,3016.22,2774.1,242.1199999999999,2921.7932,2870.948,2832.2088,2958.1112,4
2976.81,2976.81,,,,,,1.0,,,2774.1,3016.22,2774.1,242.1199999999999,2921.7932,2870.948,2832.2088,2958.1112,4
2974.94,,2974.94,,,,,1.0,,,2774.1,3016.22,2774.1,242.1199999999999,2921.7932,2870.948,2832.2088,2958.1112,4
3001.84,,,,,,,1.0,,,2774.1,3016.22,2774.1,242.1199999999999,2921.7932,2870.948,2832.2088,2958.1112,4
3038.61,,,,,,,1.0,,,2774.1,3038.61,2774.1,264.5100000000002,2935.4511,2879.904,2837.5824,2975.1276000000003,4
3054.4,3054.4,,3054.4,,,,1.0,,,2774.1,3054.4,2774.1,280.3000000000002,2945.083,2886.22,2841.372,2987.128,4
3041.29,,,,,,,1.0,,,2774.1,3054.4,2774.1,280.3000000000002,2945.083,2886.22,2841.372,2987.128,4
3024.55,,3024.55,,,,,1.0,,,2774.1,3054.4,2774.1,280.3000000000002,2945.083,2886.22,2841.372,2987.128,4
3045.69,3045.69,,,,,,1.0,,,2774.1,3054.4,2774.1,280.3000000000002,2945.083,2886.22,2841.372,2987.128,4
3040.34,,3040.34,,,,,1.0,,,2774.1,3054.4,2774.1,280.3000000000002,2945.083,2886.22,2841.372,2987.128,4
3045.53,,,,,,,1.0,,,2774.1,3054.4,2774.1,280.3000000000002,2945.083,2886.22,2841.372,2987.128,4
3067.36,3067.36,,3067.36,,,,1.0,,,2774.1,3067.36,2774.1,293.2600000000002,2952.9886,2891.404,2844.4824,2996.9776,4
3052.17,,,,,,,1.0,,,2774.1,3067.36,2774.1,293.2600000000002,2952.9886,2891.404,2844.4824,2996.9776,4
3051.66,,3051.66,,,,,1.0,,,2774.1,3067.36,2774.1,293.2600000000002,2952.9886,2891.404,2844.4824,2996.9776,4
3057.16,3057.16,,,,,,1.0,,,2774.1,3067.36,2774.1,293.2600000000002,2952.9886,2891.404,2844.4824,2996.9776,4
3030.16,,,,,,,1.0,,,2774.1,3067.36,2774.1,293.2600000000002,2952.9886,2891.404,2844.4824,2996.9776,4
3012.9,,3012.9,,,,,1.0,,,2774.1,3067.36,2774.1,293.2600000000002,2952.9886,2891.404,2844.4824,2996.9776,4
3025.94,3025.94,,,,,,1.0,,,2774.1,3067.36,2774.1,293.2600000000002,2952.9886,2891.404,2844.4824,2996.9776,4
3008.86,,,,,,,1.0,,,2774.1,3067.36,2774.1,293.2600000000002,2952.9886,2891.404,2844.4824,2996.9776,4
2990.23,,2990.23,,,,,1.0,,,2774.1,3067.36,2774.1,293.2600000000002,2952.9886,2891.404,2844.4824,2996.9776,3
3001.4,,,,,,,1.0,,,2774.1,3067.36,2774.1,293.2600000000002,2952.9886,2891.404,2844.4824,2996.9776,4
3004.96,,,,,,,1.0,,,2774.1,3067.36,2774.1,293.2600000000002,2952.9886,2891.404,2844.4824,2996.9776,4
3011.69,,,,,,,1.0,,,2774.1,3067.36,2774.1,293.2600000000002,2952.9886,2891.404,2844.4824,2996.9776,4
3014.76,3014.76,,,,,,1.0,,,2774.1,3067.36,2774.1,293.2600000000002,2952.9886,2891.404,2844.4824,2996.9776,4
3014.53,,,,,,,1.0,,,2774.1,3067.36,2774.1,293.2600000000002,2952.9886,2891.404,2844.4824,2996.9776,4
2993.97,,,,,,,1.0,,,2774.1,3067.36,2774.1,293.2600000000002,2952.9886,2891.404,2844.4824,2996.9776,3
2977.62,,,,,,,1.0,,,2774.1,3067.36,2774.1,293.2600000000002,2952.9886,2891.404,2844.4824,2996.9776,3
2975.11,,,,,,,1.0,,,2774.1,3067.36,2774.1,293.2600000000002,2952.9886,2891.404,2844.4824,2996.9776,3
2952.29,,2952.29,,2952.29,,2952.29,1.0,,,2774.1,3067.36,2774.1,293.2600000000002,2952.9886,2891.404,2844.4824,2996.9776,2
2968.93,,,,,,,1.0,,,2774.1,3067.36,2774.1,293.2600000000002,2952.9886,2891.404,2844.4824,2996.9776,3
2974.53,,,,,,,1.0,,,2774.1,3067.36,2774.1,293.2600000000002,2952.9886,2891.404,2844.4824,2996.9776,3
2985.29,2985.29,,,,,,1.0,,,2774.1,3067.36,2774.1,293.2600000000002,2952.9886,2891.404,2844.4824,2996.9776,3
2977.02,,,,,,,1.0,,,2774.1,3067.36,2774.1,293.2600000000002,2952.9886,2891.404,2844.4824,2996.9776,3
2973.9,,,,,,,1.0,,,2774.1,3067.36,2774.1,293.2600000000002,2952.9886,2891.404,2844.4824,2996.9776,3
2972.67,,2972.67,,,,,1.0,,,2774.1,3067.36,2774.1,293.2600000000002,2952.9886,2891.404,2844.4824,2996.9776,3
2973.79,,,,,,,1.0,,,2774.1,3067.36,2774.1,293.2600000000002,2952.9886,2891.404,2844.4824,2996.9776,3
2980.66,,,,,,,1.0,,,2774.1,3067.36,2774.1,293.2600000000002,2952.9886,2891.404,2844.4824,2996.9776,3
2999.99,,,,,,,1.0,,,2774.1,3067.36,2774.1,293.2600000000002,2952.9886,2891.404,2844.4824,2996.9776,4
3051.74,3051.74,,,,,,1.0,,,2774.1,3067.36,2774.1,293.2600000000002,2952.9886,2891.404,2844.4824,2996.9776,4
2977.39,,2977.39,,,,,1.0,,,2774.1,3067.36,2774.1,293.2600000000002,2952.9886,2891.404,2844.4824,2996.9776,3
3039.37,,,,,,,1.0,,,2774.1,3067.36,2774.1,293.2600000000002,2952.9886,2891.404,2844.4824,2996.9776,4
3047.79,,,,,,,1.0,,,2774.1,3067.36,2774.1,293.2600000000002,2952.9886,2891.404,2844.4824,2996.9776,4
3096.82,3096.82,,,,,,1.0,,,2774.1,3096.82,2774.1,322.72000000000025,2970.9592000000002,2903.188,2851.5528,3019.3672,4
3065.84,,,,,,,1.0,,,2774.1,3096.82,2774.1,322.72000000000025,2970.9592000000002,2903.188,2851.5528,3019.3672,4
3041.58,,,,,,,1.0,,,2774.1,3096.82,2774.1,322.72000000000025,2970.9592000000002,2903.188,2851.5528,3019.3672,4
3041.39,,3041.39,,,,,1.0,,,2774.1,3096.82,2774.1,322.72000000000025,2970.9592000000002,2903.188,2851.5528,3019.3672,4
3081.12,,,,,,,1.0,,,2774.1,3096.82,2774.1,322.72000000000025,2970.9592000000002,2903.188,2851.5528,3019.3672,4
3094.43,,,,,,,1.0,,,2774.1,3096.82,2774.1,322.72000000000025,2970.9592000000002,2903.188,2851.5528,3019.3672,4
3138.01,,,,,,,1.0,,,2774.1,3138.01,2774.1,363.9100000000003,2996.0851000000002,2919.664,2861.4384,3050.6716,4
3143.4,3143.4,,,,,,1.0,,,2774.1,3143.4,2774.1,369.3000000000002,2999.373,2921.82,2862.732,3054.768,4
3140.64,,,,,,,1.0,,,2774.1,3143.4,2774.1,369.3000000000002,2999.373,2921.82,2862.732,3054.768,4
3116.19,,,,,,,1.0,,,2774.1,3143.4,2774.1,369.3000000000002,2999.373,2921.82,2862.732,3054.768,4
3116.08,,3116.08,,,,,1.0,,,2774.1,3143.4,2774.1,369.3000000000002,2999.373,2921.82,2862.732,3054.768,4
3129.07,,,,,,,1.0,,,2774.1,3143.4,2774.1,369.3000000000002,2999.373,2921.82,2862.732,3054.768,4
3143.06,,,,,,,1.0,,,2774.1,3143.4,2774.1,369.3000000000002,2999.373,2921.82,2862.732,3054.768,4
3165.05,3165.05,,,,,,1.0,,,2774.1,3165.05,2774.1,390.9500000000003,3012.5795000000003,2930.48,2867.928,3071.222,4
3162.82,,3162.82,,,,,1.0,,,2774.1,3165.05,2774.1,390.9500000000003,3012.5795000000003,2930.48,2867.928,3071.222,4
3165.25,3165.25,,,,,,1.0,,,2774.1,3165.25,2774.1,391.1500000000001,3012.7015,2930.56,2867.976,3071.374,4
3162.96,,,,,,,1.0,,,2774.1,3165.25,2774.1,391.1500000000001,3012.7015,2930.56,2867.976,3071.374,4
3145.12,,3145.12,,3145.12,,,1.0,,,2774.1,3165.25,2774.1,391.1500000000001,3012.7015,2930.56,2867.976,3071.374,4
3151.22,,,,,,,1.0,,,2774.1,3165.25,2774.1,391.1500000000001,3012.7015,2930.56,2867.976,3071.374,4
3166.2,,,,,,,1.0,,,2774.1,3166.2,2774.1,392.0999999999999,3013.281,2930.94,2868.2039999999997,3072.096,4
3196.71,,,,,,,1.0,,,2774.1,3196.71,2774.1,422.6100000000001,3031.8921,2943.144,2875.5263999999997,3095.2836,4
3253.28,3253.28,,,,,,1.0,,,2774.1,3253.28,2774.1,479.1800000000003,3066.3998,2965.772,2889.1032,3138.2768,4
3246.18,,3246.18,,,,,1.0,,,2774.1,3253.28,2774.1,479.1800000000003,3066.3998,2965.772,2889.1032,3138.2768,4
3287.49,,,,,,,1.0,,,2774.1,3287.49,2774.1,513.3899999999999,3087.2679,2979.4559999999997,2897.3136,3164.2763999999997,4
3319.56,,,,,,,1.0,,,2774.1,3319.56,2774.1,545.46,3106.8306,2992.284,2905.0104,3188.6495999999997,4
3338.63,,,,,,,1.0,,,2774.1,3338.63,2774.1,564.5300000000002,3118.4633,2999.912,2909.5872,3203.1428,4
3385.07,3385.07,,3385.07,,,,1.0,,,2774.1,3385.07,2774.1,610.9700000000003,3146.7917,3018.488,2920.7327999999998,3238.4372000000003,4
3381.94,,,,,,,1.0,,,2774.1,3385.07,2774.1,610.9700000000003,3146.7917,3018.488,2920.7327999999998,3238.4372000000003,4
3375.75,,,,,,,1.0,,,2774.1,3385.07,2774.1,610.9700000000003,3146.7917,3018.488,2920.7327999999998,3238.4372000000003,4
3364.59,,3364.59,,,,,1.0,,,2774.1,3385.07,2774.1,610.9700000000003,3146.7917,3018.488,2920.7327999999998,3238.4372000000003,4
3373.12,,,,,,,1.0,,,2774.1,3385.07,2774.1,610.9700000000003,3146.7917,3018.488,2920.7327999999998,3238.4372000000003,4
3378.75,3378.75,,,,,,1.0,,,2774.1,3385.07,2774.1,610.9700000000003,3146.7917,3018.488,2920.7327999999998,3238.4372000000003,4
3339.95,,3339.95,,,,,1.0,,,2774.1,3385.07,2774.1,610.9700000000003,3146.7917,3018.488,2920.7327999999998,3238.4372000000003,4
3350.68,3350.68,,,,,,1.0,,,2774.1,3385.07,2774.1,610.9700000000003,3146.7917,3018.488,2920.7327999999998,3238.4372000000003,4
3331.82,,3331.82,,3331.82,,,1.0,,,2774.1,3385.07,2774.1,610.9700000000003,3146.7917,3018.488,2920.7327999999998,3238.4372000000003,4
3352.34,,,,,,,1.0,,,2774.1,3385.07,2774.1,610.9700000000003,3146.7917,3018.488,2920.7327999999998,3238.4372000000003,4
3376.08,,,,,,,1.0,,,2774.1,3385.07,2774.1,610.9700000000003,3146.7917,3018.488,2920.7327999999998,3238.4372000000003,4
3442.91,,,,,,,1.0,,,2774.1,3442.91,2774.1,668.81,3182.0741,3041.624,2934.6144,3282.3956,4
3449.79,,,,,,,1.0,,,2774.1,3449.79,2774.1,675.69,3186.2709,3044.3759999999997,2936.2655999999997,3287.6243999999997,4
3450.36,,,,,,,1.0,,,2774.1,3450.36,2774.1,676.2600000000002,3186.6186,3044.604,2936.4024,3288.0576,4
3467.64,3467.64,,3467.64,,,,1.0,,,2774.1,3467.64,2774.1,693.54,3197.1594,3051.516,2940.5496,3301.1904,4
3459.55,,,,,,,1.0,,,2774.1,3467.64,2774.1,693.54,3197.1594,3051.516,2940.5496,3301.1904,4
3434.96,,,,,,,1.0,,,2774.1,3467.64,2774.1,693.54,3197.1594,3051.516,2940.5496,3301.1904,4
3427.21,,,,,,,1.0,,,2774.1,3467.64,2774.1,693.54,3197.1594,3051.516,2940.5496,3301.1904,4
3401.86,,3401.86,,,,,1.0,,,2774.1,3467.64,2774.1,693.54,3197.1594,3051.516,2940.5496,3301.1904,4
3428.36,3428.36,,,,,,1.0,,,2774.1,3467.64,2774.1,693.54,3197.1594,3051.516,2940.5496,3301.1904,4
3422.33,,,,,,,1.0,,,2774.1,3467.64,2774.1,693.54,3197.1594,3051.516,2940.5496,3301.1904,4
3395.58,,3395.58,,3395.58,,,1.0,,,2774.1,3467.64,2774.1,693.54,3197.1594,3051.516,2940.5496,3301.1904,4
3425.95,,,,,,,1.0,,,2774.1,3467.64,2774.1,693.54,3197.1594,3051.516,2940.5496,3301.1904,4
3429.03,3429.03,,,,,,1.0,,,2774.1,3467.64,2774.1,693.54,3197.1594,3051.516,2940.5496,3301.1904,4
3414.74,,3414.74,,,,,1.0,,,2774.1,3467.64,2774.1,693.54,3197.1594,3051.516,2940.5496,3301.1904,4
3422.45,,,,,,,1.0,,,2774.1,3467.64,2774.1,693.54,3197.1594,3051.516,2940.5496,3301.1904,4
3470.3,3470.3,,,,,,1.0,,,2774.1,3470.3,2774.1,696.2000000000003,3198.782,3052.58,2941.188,3303.212,4
3468.94,,3468.94,,,,,1.0,,,2774.1,3470.3,2774.1,696.2000000000003,3198.782,3052.58,2941.188,3303.212,4
3479.77,,,,,,,1.0,,,2774.1,3479.77,2774.1,705.6700000000001,3204.5587,3056.368,2943.4608,3310.4092,4
3541.28,,,,,,,1.0,,,2774.1,3541.28,2774.1,767.1800000000003,3242.0798,3080.972,2958.2232,3357.1568,4
3618.1,,,,,,,1.0,,,2774.1,3618.1,2774.1,844.0,3288.94,3111.7,2976.66,3415.54,4
3626.75,3626.75,,,,,,1.0,,,2774.1,3626.75,2774.1,852.6500000000001,3294.2165,3115.16,2978.736,3422.114,4
3599.4,,3599.4,,,,,1.0,,,2774.1,3626.75,2774.1,852.6500000000001,3294.2165,3115.16,2978.736,3422.114,4
3622.36,,,,,,,1.0,,,2774.1,3626.75,2774.1,852.6500000000001,3294.2165,3115.16,2978.736,3422.114,4
3673.48,3673.48,,3673.48,,3673.48,,1.0,,,2774.1,3673.48,2774.1,899.3800000000001,3322.7218,3133.852,2989.9512,3457.6288,4
3653.81,,,,,,,1.0,,,2774.1,3673.48,2774.1,899.3800000000001,3322.7218,3133.852,2989.9512,3457.6288,4
3607.63,,,,,,,1.0,,,2774.1,3673.48,2774.1,899.3800000000001,3322.7218,3133.852,2989.9512,3457.6288,4
3606.01,,3606.01,,,,,1.0,,,2774.1,3673.48,2774.1,899.3800000000001,3322.7218,3133.852,2989.9512,3457.6288,4
3622.96,3622.96,,,,,,1.0,,,2774.1,3673.48,2774.1,899.3800000000001,3322.7218,3133.852,2989.9512,3457.6288,4
3619.59,,,,,,,1.0,,,2774.1,3673.48,2774.1,899.3800000000001,3322.7218,3133.852,2989.9512,3457.6288,4
3612.33,,3612.33,,,,,1.0,,,2774.1,3673.48,2774.1,899.3800000000001,3322.7218,3133.852,2989.9512,3457.6288,4
3639.91,,,,,,,1.0,,,2774.1,3673.48,2774.1,899.3800000000001,3322.7218,3133.852,2989.9512,3457.6288,4
3642.09,3642.09,,3642.09,,,,1.0,,,2774.1,3673.48,2774.1,899.3800000000001,3322.7218,3133.852,2989.9512,3457.6288,4
3587.22,,,,,,,1.0,,,2774.1,3673.48,2774.1,899.3800000000001,3322.7218,3133.852,2989.9512,3457.6288,4
3565.27,,3565.27,,,,,1.0,,,2774.1,3673.48,2774.1,899.3800000000001,3322.7218,3133.852,2989.9512,3457.6288,4
3575.69,,,,,,,1.0,,,2774.1,3673.48,2774.1,899.3800000000001,3322.7218,3133.852,2989.9512,3457.6288,4
3601.97,3601.97,,,,,,1.0,,,2774.1,3673.48,2917.04,756.44,3378.4683999999997,3219.616,3098.5856,3491.9344,4
3574.96,,,,,,,1.0,,,2774.1,3673.48,2917.04,756.44,3378.4683999999997,3219.616,3098.5856,3491.9344,4
3554.53,,,,,,,1.0,,,2774.1,3673.48,2917.04,756.44,3378.4683999999997,3219.616,3098.5856,3491.9344,4
3519.54,,3519.54,,3519.54,,,1.0,,,2774.1,3673.48,2917.04,756.44,3378.4683999999997,3219.616,3098.5856,3491.9344,4
3556.41,3556.41,,,,,,1.0,,,2774.1,3673.48,2917.04,756.44,3378.4683999999997,3219.616,3098.5856,3491.9344,4
3541.06,,3541.06,,,,,1.0,,,2774.1,3673.48,2917.04,756.44,3378.4683999999997,3219.616,3098.5856,3491.9344,4
3549.67,3549.67,,,,,,1.0,,,2774.1,3673.48,2917.04,756.44,3378.4683999999997,3219.616,3098.5856,3491.9344,4
3525.33,,3525.33,,3525.33,,,1.0,,,2774.1,3673.48,2917.04,756.44,3378.4683999999997,3219.616,3098.5856,3491.9344,4
3548.8,,,,,,,1.0,,,2774.1,3673.48,2917.04,756.44,3378.4683999999997,3219.616,3098.5856,3491.9344,4
3572.86,,,,,,,1.0,,,2774.1,3673.48,2917.04,756.44,3378.4683999999997,3219.616,3098.5856,3491.9344,4
3595.93,3595.93,,3595.93,,,,1.0,,,2774.1,3673.48,2917.04,756.44,3378.4683999999997,3219.616,3098.5856,3491.9344,4
3592.64,,,,,,,1.0,,,2774.1,3673.48,2917.04,756.44,3378.4683999999997,3219.616,3098.5856,3491.9344,4
3588.31,,,,,,,1.0,,,2774.1,3673.48,2917.04,756.44,3378.4683999999997,3219.616,3098.5856,3491.9344,4
3574.05,,,,,,,1.0,,,2774.1,3673.48,2917.04,756.44,3378.4683999999997,3219.616,3098.5856,3491.9344,4
3573.9,,,,,,,1.0,,,2774.1,3673.48,2917.04,756.44,3378.4683999999997,3219.616,3098.5856,3491.9344,4
3556.3,,3556.3,,,,,1.0,,,2774.1,3673.48,2917.04,756.44,3378.4683999999997,3219.616,3098.5856,3491.9344,4
3560.34,3560.34,,,,,,1.0,,,2774.1,3673.48,2917.04,756.44,3378.4683999999997,3219.616,3098.5856,3491.9344,4
3559.71,,,,,,,1.0,,,2774.1,3673.48,2917.04,756.44,3378.4683999999997,3219.616,3098.5856,3491.9344,4
3554.91,,3554.91,,,,,1.0,,,2774.1,3673.48,2917.04,756.44,3378.4683999999997,3219.616,3098.5856,3491.9344,4
3563.74,3563.74,,3563.74,,,,1.0,,,2774.1,3673.48,2917.04,756.44,3378.4683999999997,3219.616,3098.5856,3491.9344,4
3560.63,,,,,,,1.0,,,2774.1,3673.48,2917.04,756.44,3378.4683999999997,3219.616,3098.5856,3491.9344,4
3533.72,,3533.72,,3533.72,,,1.0,,,2774.1,3673.48,2917.04,756.44,3378.4683999999997,3219.616,3098.5856,3491.9344,4
3554.1,,,,,,,1.0,,,2774.1,3673.48,2917.04,756.44,3378.4683999999997,3219.616,3098.5856,3491.9344,4
3561.57,3561.57,,,,,,1.0,,,2774.1,3673.48,2917.04,756.44,3378.4683999999997,3219.616,3098.5856,3491.9344,4
3544.97,,3544.97,,,,,1.0,,,2774.1,3673.48,2917.04,756.44,3378.4683999999997,3219.616,3098.5856,3491.9344,4
3554.73,,,,,,,1.0,,,2774.1,3673.48,2917.04,756.44,3378.4683999999997,3219.616,3098.5856,3491.9344,4
3580.13,3580.13,,,,,,1.0,,,2774.1,3673.48,2917.04,756.44,3378.4683999999997,3219.616,3098.5856,3491.9344,4
3565.76,,3565.76,,,,,1.0,,,2774.1,3673.48,2917.04,756.44,3378.4683999999997,3219.616,3098.5856,3491.9344,4
3573.39,,,,,,,1.0,,,2774.1,3673.48,2917.04,756.44,3378.4683999999997,3219.616,3098.5856,3491.9344,4
3579.07,,,,,,,1.0,,,2774.1,3673.48,2917.04,756.44,3378.4683999999997,3219.616,3098.5856,3491.9344,4
3594.3,3594.3,,,,,,1.0,,,2774.1,3673.48,2917.04,756.44,3378.4683999999997,3219.616,3098.5856,3491.9344,4
3593.39,,3593.39,,,,,1.0,,,2774.1,3673.48,2917.04,756.44,3378.4683999999997,3219.616,3098.5856,3491.9344,4
3607.13,,,,,,,1.0,,,2774.1,3673.48,2917.04,756.44,3378.4683999999997,3219.616,3098.5856,3491.9344,4
3618.01,,,,,,,1.0,,,2774.1,3673.48,2917.04,756.44,3378.4683999999997,3219.616,3098.5856,3491.9344,4
3659.94,3659.94,,,,,,1.0,,,2774.1,3673.48,2917.04,756.44,3378.4683999999997,3219.616,3098.5856,3491.9344,4
3656.58,,,,,,,1.0,,,2774.1,3673.48,2917.04,756.44,3378.4683999999997,3219.616,3098.5856,3491.9344,4
3649.34,,3649.34,,,,,1.0,,,2774.1,3673.48,2917.04,756.44,3378.4683999999997,3219.616,3098.5856,3491.9344,4
3654.84,,,,,,,1.0,,,2774.1,3673.48,2917.04,756.44,3378.4683999999997,3219.616,3098.5856,3491.9344,4
3670.67,,,,,,,1.0,,,2774.1,3673.48,2917.04,756.44,3378.4683999999997,3219.616,3098.5856,3491.9344,4
3713.71,3713.71,,,,,,1.0,,,2774.1,3713.71,2917.04,796.6700000000001,3403.0087,3235.708,3108.2408,3522.5092,4
3708.88,,,,,,,1.0,,,2774.1,3713.71,2917.04,796.6700000000001,3403.0087,3235.708,3108.2408,3522.5092,4
3701.67,,3701.67,,,,,1.0,,,2774.1,3713.71,2917.04,796.6700000000001,3403.0087,3235.708,3108.2408,3522.5092,4
3757.68,3757.68,,,,,,1.0,,,2774.1,3757.68,2917.04,840.6399999999999,3429.8304,3253.296,3118.7936,3555.9264,4
3748.55,,3748.55,,,,,1.0,,,2774.1,3757.68,2917.04,840.6399999999999,3429.8304,3253.296,3118.7936,3555.9264,4
3750.18,,,,,,,1.0,,,2774.1,3757.68,2917.04,840.6399999999999,3429.8304,3253.296,3118.7936,3555.9264,4
3769.08,,,,,,,1.0,,,2774.1,3769.08,2917.04,852.04,3436.7844,3257.8559999999998,3121.5296,3564.5904,4
3770.49,,,,,,,1.0,,,2774.1,,,,,,,,0
